"Post ID","Page ID","Page name",Title,Description,"Duration (sec)","Publish time","Caption type",Permalink,"Is crosspost","Is share","Post type",Languages,"Custom labels","Funded content status","Data comment",Date,Views,Reach,"Reactions, Comments and Shares",Reactions,Comments,Shares,"Total clicks","Other Clicks","Matched Audience Targeting Consumption (Photo Click)","Link Clicks","Seconds viewed","Average Seconds viewed","Ad CPM (USD)","Ad impressions","Negative feedback from users: Hide","Estimated earnings (USD)","Negative feedback from users: Hide all"
1128364012479020,61569634500241,"Juan365 Live Stream","Juana babe zell and Ashley","Tara, hangout muna tayo Juankada! Live na kami ni @[61580337497087:2048:Juana Babe Ashley] and @[61580479407070:2048:Juana Babe Zell] 😄✨

#juanababes #Juan365livestream #Juan365PH #AllInJuanSaSaya #JuanKada #Juan365 #TheResponsibleJuan",2077,"12/05/2025 23:30",N/A,https://www.facebook.com/juan365livestream/videos/1128364012479020/,0,0,Live,,,,,Lifetime,4775,3036,684,314,221,149,861,861,,,161135.203,41.918,0,0,,,
122153556458654483,61569634500241,"Juan365 Live Stream","It’s a Juanababe kind of afternoon! 💛💫
Catch Zell & Ash LIVE at 3:30 PM —
siguradong masaya, maingay, at punong-puno ng energy!

🔔 Follow the page para lagi kang una sa ganap!

#juanababes #Juan365livestream #Juan365PH
#AllInJuanSaSaya #JuanKada #Juan365",,0,"12/05/2025 17:29",N/A,https://www.facebook.com/juan365livestream/posts/pfbid02P28BpukmxqZEcgYxrWq4svFLJTsyEez2yb4HQFoz8iodvM9Xd1vsvLW27FMU7ZQnl,0,0,Photos,,,,,Lifetime,1326,577,173,96,48,29,42,34,8,,,,,,,,
122153500442654483,61569634500241,"Juan365 Live Stream","Mas masaya ’pag kasama ang Juankada — i-scan ang QR at sabay-sabay tayong sumubok ng swerte sa Juan365!

Don’t forget to tag your friends na gusto mo ring isali sa saya! 💙

#juanababes #Juan365livestream #Juan365PH
#AllInJuanSaSaya #JuanKada #Juan365",,0,"12/05/2025 04:02",N/A,https://www.facebook.com/juan365livestream/posts/pfbid02wDqR7hbM6pNzoHULFtp7GQRBoKfKrVPBQLfbLwpHYvWMaqpSD411rmk27Et5VfyBl,0,0,Photos,,,,,Lifetime,1849,860,155,89,40,26,88,63,25,,,,,,,,
122153495102654483,61569634500241,"Juan365 Live Stream","LIVE TODAY! GRAND DRAW ALERT! 🔥
Don’t blink — baka name mo na ang tawagin!

Ikaw na ba ang susunod na mag-uuwi ng pa-premyo?
Huwag bibitaw — stay tuned!

#juanababes #Juan365livestream #Juan365PH
#AllInJuanSaSaya #JuanKada #Juan365",,0,"12/05/2025 02:12",N/A,https://www.facebook.com/juan365livestream/posts/pfbid0PxWeVpsbtHxnx3s96zUyiU8gfQSX1A2PxZ8bFzq8Fm2rnYh4LUf27dJz2goGbq7Xl,0,1,Live,,,,,Lifetime,,843,116,71,45,0,253,253,,,,,,,,,
122153486036654483,61569634500241,"Juan365 Live Stream","Happy 19K, Juankada! 🎉 Maraming salamat sa walang sawang suporta. Konti na lang — 20K na tayo! Tuloy-tuloy lang ang saya! 🧡✨

Roll call! Comment “COUNT ME IN+member ID ” kung isa ka sa OG 19K fam!

#juanababes #Juan365livestream #Juan365PH
#AllInJuanSaSaya #JuanKada #Juan365",,0,"12/04/2025 23:38",N/A,https://www.facebook.com/juan365livestream/posts/pfbid02F7DwHJMnxEp65ay1zYQogdWV8Dacn1vGV6uPm7ptgJkfo2bcVjdGnWK7pQG99fLWl,0,0,Photos,,,,,Lifetime,2411,1016,407,203,150,54,153,141,12,,,,,,,,
122153476118654483,61569634500241,"Juan365 Live Stream","JUANKADA, TONIGHT’S THE NIGHT! 🔥
The GRAND DRAW for Surpresa ni Juan is happening later — and YOU might be the lucky one! 🎁

Livestream starts at 6PM SHARP!
Don’t miss the thrill, the fun, and the big reveal! 🙌💙

#juanababes #Juan365livestream #Juan365PH #AllInJuanSaSaya #JuanKada #Juan365",,0,"12/04/2025 20:28",N/A,https://www.facebook.com/juan365livestream/posts/pfbid0GvwVJhqo3mZkm4CZN9vCFwMFdgAVVjBsqk4BShZFB5UbRDuUBc86pyiqYBwRCVKzl,0,0,Photos,,,,,Lifetime,6459,3397,430,226,129,75,292,253,39,,,,,,,,
122153420438654483,61569634500241,"Juan365 Live Stream","Comment your Christmas hiling sa freedom wall — Malay mo, ikaw ang mabunot at matupad ang wish mo! 🎁😉

Your wish + member ID.

#juanababes #Juan365livestream #Juan365PH
#AllInJuanSaSaya #JuanKada #Juan365",,0,"12/04/2025 02:00",N/A,https://www.facebook.com/juan365livestream/posts/pfbid021vyJR2ixE2wPB5BWgfBbNrYmj7q9wg11bADrQWzANAXBTf49sAC4ahi8qPJYUvYEl,0,0,Photos,,,,,Lifetime,3632,1578,529,219,224,86,205,184,21,,,,,,,,
122153416916654483,61569634500241,"Juan365 Live Stream","Follow Juana Babe Sena💙 and comment your Users ID na!

#juanababes #Juan365PH #AllInJuanSaSaya #JuanKada #Juan365 #TheResponsibleJuan",,0,"12/04/2025 01:21",N/A,https://www.facebook.com/juan365livestream/posts/pfbid02mGfGRqTYWLeQpbpcSPvLT77PZiYXqq4q9k7za3v38hNGxLkDqwhY4oKfxrSs3q4el,0,1,Photos,,,,,Lifetime,1627,709,175,105,65,5,116,96,20,,,,,,,,
122153413736654483,61569634500241,"Juan365 Live Stream","Switched to Christmas mode! 🎅🎁
Spread the holiday love and celebrate with us at Juan365 Livestream!

#juanababes #Juan365livestream #Juan365PH",,0,"12/04/2025 00:36",N/A,https://www.facebook.com/photo.php?fbid=122153413736654483&set=a.122097243494654483&type=3,0,0,Photos,,,,,Lifetime,2311,1058,206,139,52,15,95,91,4,,,,,,,,
122153409536654483,61569634500241,"Juan365 Live Stream","Hindi kumpleto ang linggo mo kapag… hindi ka naglalaro sa Juan365! 🎰 Pero relax, play responsibly lang ha! 😉

Kayo, Juankada? 🤩 Comment niyo naman  kung paano nakukompleto ni juan365 ang linggo nyo.

#juanababes #Juan365livestream #Juan365PH
#AllInJuanSaSaya #JuanKada #Juan365",,0,"12/03/2025 23:07",N/A,https://www.facebook.com/juan365livestream/posts/pfbid02m3mopgm37xUXfCPBtj9QWDg7fw4CJE6tvb8e9CqLfFQ7HgKpGPrCQ4EsvCZXfbuEl,0,0,Photos,,,,,Lifetime,1850,849,227,123,72,32,72,68,4,,,,,,,,
122153389724654483,61569634500241,"Juan365 Live Stream","Juankada, we dare you! 😎🎉
Join our group and invite your friends — mas masaya pag sama-sama!

Tara na, sali na!

#juanababes #Juan365livestream #Juan365PH
#AllInJuanSaSaya #JuanKada #Juan365",,0,"12/03/2025 18:04",N/A,https://www.facebook.com/juan365livestream/posts/pfbid02tDD5SsQpUgDWbkJSM1h1nf1qUrPcSXeDHMv5myVE4d4dhHMgkrzdzNhPU28AJ7mLl,0,0,Photos,,,,,Lifetime,3246,1309,266,167,55,44,100,75,24,1,,,,,,,
122153358812654483,61569634500241,"Juan365 Live Stream","Celebrating all the winners today! 🎉
Keep the fun alive, play with heart, and stay responsible! 💖🎮
#juanababes  #Juan365livestream  #Juan365PH 
#AllInJuanSaSaya  #JuanKada  #Juan365  #TheResponsibleJuan",,0,"12/03/2025 07:00",N/A,https://www.facebook.com/juan365livestream/posts/pfbid067RFiB8ndrZhqpqn3XuigMK4MJWv9AGgcnrsowJcyqDgJUQXqDXWrTH92P81BXcYl,0,0,Photos,,,,,Lifetime,2612,1251,240,136,73,31,83,67,16,,,,,,,,
122153349980654483,61569634500241,"Juan365 Live Stream","Mood check, Juankada! 😆🎮 Comment mo yan with a GIF — let’s see!

#juanababes #Juan365livestream #Juan365PH #AllInJuanSaSaya #JuanKada #Juan365",,0,"12/03/2025 05:00",N/A,https://www.facebook.com/juan365livestream/posts/pfbid0rjv8worzrRZdjQqXGFioC1BG5HS2eCTqDP7S6NUTcHLyGiTBVL7VvzFCz2jQWKsXl,0,0,Photos,,,,,Lifetime,2307,1071,247,136,87,24,119,106,13,,,,,,,,
122153337368654483,61569634500241,"Juan365 Live Stream","Mas masaya ’pag mas marami — share the Juan365 livestream page now! 🤝📲💫

#juanababes #Juan365livestream #Juan365PH #AllInJuanSaSaya #JuanKada #Juan365",,0,"12/03/2025 03:30",N/A,https://www.facebook.com/juan365livestream/posts/pfbid0F9dMAyrzov5y96SuCiGJrC1P1qV7aTcrxFBhuvzQrfeNHLgt7artQv9vtywAo7Zql,0,0,Photos,,,,,Lifetime,1734,829,145,103,26,16,84,58,26,,,,,,,,
816051317904128,61569634500241,"Juan365 Live Stream","Juana babe Abi and Ashley","RE LIVE
pasok na sa live Juankada! 💬Real-time chikahan with your@[61580716220863:2048:Juana Babe Abi]i and@[61580337497087:2048:Juana Babe Ashley]y💖

#juanababes #Juan365livestream #Juan365PH #AllInJuanSaSaya #JuanKada #Juan365 #TheResponsibleJuan",2282,"12/03/2025 01:51",uploaded,https://www.facebook.com/juan365livestream/videos/816051317904128/,0,0,Live,,,,,Lifetime,2347,1760,4155,586,3364,205,228,215,,13,181734.376,107.662,0,0,,,
813997361636485,61569634500241,"Juan365 Live Stream","Juanababe Ashley and Abi","Vibe check mga ka Juankada! Pasok na sa live at maki-hype with @[61580716220863:2048:Juana Babe Abi] and @[61580337497087:2048:Juana Babe Ashley] 🥰

#juanababes #Juan365livestream #Juan365PH #AllInJuanSaSaya #JuanKada #Juan365 #TheResponsibleJuan",5654,"12/03/2025 00:04",uploaded,https://www.facebook.com/juan365livestream/videos/813997361636485/,0,0,Live,,,,,Lifetime,12816,12721,6425,2343,2093,1989,1360,1359,,1,573188.75,58.369,0,0,,,
122153302172654483,61569634500241,"Juan365 Live Stream","Juankada, may slight adjustment lang po tayo sa schedule ng live ⏰

From 3PM, magiging 4PM–6PM na po tayo.

Kita-kits mamaya! 🧡✨",,0,"12/02/2025 22:49",N/A,https://www.facebook.com/juan365livestream/posts/pfbid0J51fuKTSi8zNKS8GRtzQLL3hYqvg5FfQHnmjA4WQ6MeFr9Xbu3o1tdbxqjiKfPrpl,0,1,Photos,,,,,Lifetime,2002,832,162,116,36,10,45,39,6,,,,,,,,
122153284970654483,61569634500241,"Juan365 Live Stream","Red-hot energy coming your way! 🔥📣

Catch JUANABABE Abi & Ash LIVE on December 3, 3:00–5:00 PM! 

#juanababes #Juan365livestream #AllInJuanSaSaya #JuanKada #Juan365",,0,"12/02/2025 17:30",N/A,https://www.facebook.com/juan365livestream/posts/pfbid0AVLDJ9FhFiVUKLojHQH41KKMm1hzrMv4uEqvCb8agN7VvTKbVBGHNYmjHaUtkPvcl,0,0,Photos,,,,,Lifetime,4784,2255,524,338,140,46,226,196,30,,,,,,,,
122153252546654483,61569634500241,"Juan365 Live Stream","Celebrating all the winners today! 🎉
Keep the fun alive, play with heart, and stay responsible! 💖🎮
#juanababes  #Juan365livestream  #Juan365PH 
#AllInJuanSaSaya  #JuanKada  #Juan365  #TheResponsibleJuan",,0,"12/02/2025 07:00",N/A,https://www.facebook.com/juan365livestream/posts/pfbid0qccGbNtfrALRENhnWykxXMsi4haExJsGVshmvxeYhrKoCgNX8trtowwJAdUibhcKl,0,0,Photos,,,,,Lifetime,4720,2354,305,175,88,42,244,148,22,74,,,,,,,
122153234318654483,61569634500241,"Juan365 Live Stream","Hindi kumpleto ang linggo mo kapag… hindi ka naglalaro sa Juan365? 🤔 No worries! basta relax, and play responsibly lang ha! 😉

Kayo, Juankada? 🤩 Comment niyo naman kung ano ang kumukumpleto sa linggo niyo! 👇 

#juanababes #Juan365livestream #Juan365PH
#AllInJuanSaSaya #JuanKada #Juan365",,0,"12/02/2025 03:00",N/A,https://www.facebook.com/juan365livestream/posts/pfbid02xGfZLaypCfNwrWrCpgjDM1owvc14AzbV76q7r4CKFg78MfrASN6SvJPL2nytmkV6l,0,0,Photos,,,,,Lifetime,2157,990,270,153,82,35,56,49,7,,,,,,,,
1629823894665159,61569634500241,"Juan365 Live Stream","Juana babe Abi and Jam","pasok na sa live Juankada! 💬Real-time chikahan with your@[61580716220863:2048:Juana Babe Abi]i and@[61580395595183:2048:Juana Babe Jam]m💖

#juanababes #Juan365livestream #Juan365PH #AllInJuanSaSaya #JuanKada #Juan365 #TheResponsibleJuan",8406,"12/01/2025 23:29",uploaded,https://www.facebook.com/juan365livestream/videos/1629823894665159/,0,0,Live,,,,,Lifetime,11880,12076,14245,2566,9139,2540,1157,1156,,1,771605.578,85.044,0,0,,,
122153201972654483,61569634500241,"Juan365 Live Stream","Hassle-free checkout? Nasa Juan365 na ’yan! ✨

Your go-to payment methods are ready! 🧡

#juanababes #Juan365livestream #Juan365PH #AllInJuanSaSaya #JuanKada #Juan365",,0,"12/01/2025 22:51",N/A,https://www.facebook.com/juan365livestream/posts/pfbid02SvWxP3KaUS1iuXa7SzvsvydmgLZPea63ZXMcubjwtKnndxesBqJUzDe1d2UxLzM8l,0,0,Photos,,,,,Lifetime,2467,1189,192,120,35,37,62,56,6,,,,,,,,
122153186288654483,61569634500241,"Juan365 Live Stream","Join the fun and feel the hype with Juanababe Jam and Juanababe Abi!

🎮 December 2 | 3:30–5:30 PM

Don’t miss the chance to hang out, play, and win big with us — kita-kits Juankada! 💙✨

#juanababes #Juan365livestream #Juan365PH #AllInJuanSaSaya #JuanKada #Juan365",,0,"12/01/2025 17:41",N/A,https://www.facebook.com/juan365livestream/posts/pfbid01NKSRexW5EStu9e471XLgo26BYRN5rq1yfAi3QGvhbXD1AZU8K39VEFvWnHk3BFSl,0,0,Photos,,,,,Lifetime,1918,961,200,126,33,41,54,48,6,,,,,,,,
122153155976654483,61569634500241,"Juan365 Live Stream","Celebrating all the winners today! 🎉
Keep the fun alive, play with heart, and stay responsible! 💖🎮

#juanababes  #Juan365livestream  #Juan365PH 
#AllInJuanSaSaya  #JuanKada  #Juan365  #TheResponsibleJuan",,0,"12/01/2025 07:00",N/A,https://www.facebook.com/juan365livestream/posts/pfbid02k4f43vg1RVGhPco6jjMLNFCW87fyiDduK9LjRkwFSc6XRtFQAqjkq58Em5t1vk8Ql,0,0,Photos,,,,,Lifetime,3531,1648,254,140,71,43,342,158,184,,,,,,,,
122153138108654483,61569634500241,"Juan365 Live Stream","All I want for Christmas is… 🤔🎄

Ikaw, anong pipiliin mo sa tatlo? 
Comment down below! 🥳👇

#juanababes #Juan365livestream #Juan365PH
#AllInJuanSaSaya #JuanKada #Juan365",,0,"12/01/2025 03:30",N/A,https://www.facebook.com/juan365livestream/posts/pfbid02YSq89TxZP6Pk9TpCkAgrzcxyqFN7y5SHRg58DfjgqnyFKKJCZcL9nHVu2JgfocAml,0,0,Photos,,,,,Lifetime,2576,1198,317,161,113,43,178,163,15,,,,,,,,1
1487190772579877,61569634500241,"Juan365 Live Stream","Juana babe Zell and Ashley","Kasama ka, kasama ko, kasama nating lahat mga Juankada live na! with @[61580337497087:2048:Juana Babe Ashley] and @[61580479407070:2048:Juana Babe Zell]

#juanababes #Juan365livestream #Juan365PH #AllInJuanSaSaya  #JuanKada #Juan365 #TheResponsibleJuan",8596,"11/30/2025 23:29",uploaded,https://www.facebook.com/juan365livestream/videos/1487190772579877/,0,0,Live,,,,,Lifetime,13324,13258,9390,2521,5135,1734,1314,1314,,,720737.255,69.744,0,0,,,
122153101280654483,61569634500241,"Juan365 Live Stream","Kamusta ang Christmas bonus mo, Juankada? 💸✨
 Natanggap na ba o nag-‘loading… please wait’ pa rin? 😂🎄

#juanababes #Juan365livestream #Juan365PH
#AllInJuanSaSaya #JuanKada #Juan365",,0,"11/30/2025 22:30",N/A,https://www.facebook.com/juan365livestream/posts/pfbid0ecGyY275NCnxtTSMqQdubvQyKqrVLNqYSZXvkaQ9AFXwpQggCtnyVtkxNCjn6hEBl,0,0,Photos,,,,,Lifetime,2580,1095,240,142,59,39,80,72,8,,,,,,,,
122153091206654483,61569634500241,"Juan365 Live Stream","She’s giving mystery. She’s giving tease.
She’s giving “OMG, who is she?!” 👀

LIVE reveal soon. Abangan. ✨

#juanababe  #juan365  #juan365livestream",,0,"11/30/2025 19:00",N/A,https://www.facebook.com/juan365livestream/posts/pfbid02N4KRDM5wZkLFSVne9ybd8SuTTSHs4yGKgbpyKY8Mp6PUySFv9w7UoqmwoM5orEccl,0,0,Photos,,,,,Lifetime,3552,1686,261,164,66,31,154,132,22,,,,,,,,
122153085962654483,61569634500241,"Juan365 Live Stream","Huwag palampasin, Juankada! 🎉
LIVE tayo mamaya 3:30 PM — tara, join the fun!

#juanababes #Juan365livestream #Juan365PH #AllInJuanSaSaya #JuanKada #Juan365",,0,"11/30/2025 17:29",N/A,https://www.facebook.com/juan365livestream/posts/pfbid0scvCiTKkQKJYXvCip2Mj9DeF2kLoJyJvKdoPuLH4sc4CdDeZFgRjCcSZNgvGUhy9l,0,0,Photos,,,,,Lifetime,2665,1266,229,144,55,30,82,68,14,,,,,,,,
122153031884654483,61569634500241,"Juan365 Live Stream","Ending November with gratitude ✨ 

Juankada, exciting new memories are coming next month!

#juanababes #Juan365livestream #Juan365PH
#AllInJuanSaSaya #JuanKada #Juan365",,0,"11/30/2025 02:30",N/A,https://www.facebook.com/juan365livestream/posts/pfbid0PyPKZSuoJvRGus5bzRWuGCHfmHMcvvEdMdLjG3FKMEL9NocQwTsWy8tLYQZWBnpel,0,0,Photos,,,,,Lifetime,3386,1675,253,162,64,27,164,98,12,54,,,,,,,
2041577606391502,61569634500241,"Juan365 Live Stream","RE LIVE JUANKADA!","RE LIVE JUANKADA!

Ano kayang mangyayari Juankada? Live na with Juana Babe Zell and Juana Babe Ashley! 😮

#juanababes #Juan365livestream #Juan365PH #AllInJuanSaSaya  #JuanKada #Juan365 #TheResponsibleJuan",4019,"11/30/2025 01:24",uploaded,https://www.facebook.com/juan365livestream/videos/2041577606391502/,0,0,Live,,,,,Lifetime,3630,2414,5620,912,3682,1026,278,278,,,293670.924,120.901,0,0,,,
1360152989225449,61569634500241,"Juan365 Live Stream","Juana babe Zell and Ashley","Ano kayang mangyayari Juankada? Live na with @[61580479407070:2048:Juana Babe Zell] and @[61580337497087:2048:Juana Babe Ashley]! 😮

#juanababes #Juan365livestream #Juan365PH #AllInJuanSaSaya   #JuanKada #Juan365 #TheResponsibleJuan",2830,"11/30/2025 00:30",uploaded,https://www.facebook.com/juan365livestream/videos/1360152989225449/,0,0,Live,,,,,Lifetime,9965,10404,3158,1318,1004,836,1013,990,,23,264250.404,32.272,0,0,,,
122153007482654483,61569634500241,"Juan365 Live Stream","🚨𝗔𝗧𝗧𝗘𝗡𝗧𝗜𝗢𝗡 𝗝𝗨𝗔𝗡𝗞𝗔𝗗𝗔! 🚨

Na-MOVE ang LIVE! Lipat tayo sa 𝟰:𝟯𝟬 𝗣𝗠 – 𝟲:𝟯𝟬 𝗣𝗠! 🔥🔥

Set your alarms… See you later, Juankada!💙⚡

#Juan365livestream #juanababes #Juan365",,0,"11/29/2025 23:13",N/A,https://www.facebook.com/juan365livestream/posts/pfbid03MKK5q45oh6zcrVnZGoiv7cV8ypQhxWENm2g2T227WjDKUYcz4NqfTHXoAUwZJLRl,0,1,Photos,,,,,Lifetime,1852,838,150,108,25,17,65,56,9,,,,,,,,
122153006342654483,61569634500241,"Juan365 Live Stream","Ngayong November 30, ipinagdiriwang nating mga Pilipino ang ""Bonifacio Day"". 🇵🇭

Sa Araw ni Bonifacio, alalahanin natin ang kabayanihan at panawagan niya sa pagkakaisa. Gamitin natin ang aral ng Katipunan—ang pag-ibig sa bayan at ang tapang na ipaglaban ang kalayaan. 

Mabuhay ang dakilang Anak ng Bayan!

#Juan365Cares #JuanKada #BonifacioDay",,0,"11/29/2025 22:49",N/A,https://www.facebook.com/juan365livestream/posts/pfbid02kXCG5B5F1on8HXyNVcZUSakm5cFiUmZAgmCcMiYxEL4yad3jeHZ4C4yzaf1mF4Ftl,0,1,Photos,,,,,Lifetime,1044,543,82,72,4,6,15,12,3,,,,,,,,
122153001098654483,61569634500241,"Juan365 Live Stream","25 Days to Go, Pasko Na Talaga!

Get ready for the lights, the gifts, and the good vibes! 🎁

#juanababes #Juan365livestream #Juan365PH #AllInJuanSaSaya",,0,"11/29/2025 21:00",N/A,https://www.facebook.com/juan365livestream/posts/pfbid02LCraXvRi3rNNGCEg9WozsDbK2mXHrESWDuvSpBxPzjgcLTRn7k1TRsBLXazwfWa7l,0,0,Photos,,,,,Lifetime,2453,1159,274,170,68,36,95,81,13,1,,,,,,,1
122152994426654483,61569634500241,"Juan365 Live Stream","Sinong Juankada buddy mo? 🤩👫 

I-mention na yan at isama niyo na rin ang User ID niyo!  🎮✨

#juanababes #Juan365livestream #Juan365PH
#AllInJuanSaSaya #JuanKada #Juan365",,0,"11/29/2025 19:00",N/A,https://www.facebook.com/juan365livestream/posts/pfbid034TrhPAJZcDkqnfzRpDSePLM7C3MrYSFYRXhSYFkRtB9iCXFEBncAEugZoXb4mcyvl,0,0,Photos,,,,,Lifetime,2057,990,246,123,66,57,114,106,8,,,,,,,,
122152986530654483,61569634500241,"Juan365 Live Stream","STREAM ALERT! ⚡
3:30 PM with Juana Babe Ashley & Juana Babe Zell 
Huwag palampasin — kita kits sa live! 

#Juan365livestream #juanababes #Juan365",,0,"11/29/2025 17:04",N/A,https://www.facebook.com/juan365livestream/posts/pfbid02dKFJeL4eJmNo9DeHTwLq7e8LWuSEBNChpStJFF4Ji9VxKbi9373xkUZnoXHZjsGCl,0,0,Photos,,,,,Lifetime,1997,920,319,229,62,28,131,115,16,,,,,,,,
122152940564654483,61569634500241,"Juan365 Live Stream","Solid Juankada ka ba?roll call muna!
Ipakita ang resibo,Let’s see the proud followers!🌟

#Juan365livestream #juanababes #Juan365",,0,"11/29/2025 03:00",N/A,https://www.facebook.com/juan365livestream/posts/pfbid02tpozohpFHYQd1cAnijKxxAGtgzeSxCkVuiMCjykKd4VibaG6yjk7vQ4aoSkcZ47Al,0,0,Photos,,,,,Lifetime,2920,1225,274,172,78,24,163,149,14,,,,,,,,
122152928336654483,61569634500241,"Juan365 Live Stream","Don’t miss the fun—follow Juana Babe Sena now! 💙

#juanababes #Juan365PH 
#AllInJuanSaSaya #JuanKada #Juan365 #TheResponsibleJuan",,0,"11/28/2025 22:08",N/A,https://www.facebook.com/juan365livestream/posts/pfbid02AAz2x7CVhS9xFjGxSeE4gmDZJV5rX571gTKnfMRtUCa6ANvKvDUpq65UWrtAQhLhl,0,1,Text,,,,,Lifetime,,647,129,102,27,0,34,34,,,,,,,,,
122152926128654483,61569634500241,"Juan365 Live Stream","Stepping into my spotlight.🔥
Click follow sa livestream page—para more aura moments everyday!

Music used belongs to its rightful owner. No copyright infringement intended.
#juanababes #Juan365livestream #Juan365PH #AllInJuanSaSaya","Stepping into my spotlight.🔥
Click follow sa livestream page—para more aura moments everyday!

Music used belongs to its rightful owner. No copyright infringement intended.
#juanababes #Juan365livestream #Juan365PH #AllInJuanSaSaya",13,"11/28/2025 21:00",mixed,https://www.facebook.com/reel/1946738142934911/,1,0,Reels,,,,,Lifetime,2249,847,265,181,62,22,52,52,,,11432.35,6.666,,0,,0,
122152920122654483,61569634500241,"Juan365 Live Stream","Mas masaya ang laro kapag may tamang diskarte at limit. 💛
Team Balance ka din ba Juankada ?

#Juan365livestream #juanababes #Juan365",,0,"11/28/2025 19:00",N/A,https://www.facebook.com/juan365livestream/posts/pfbid02cyv9tTUXyyB98rcdQvX4rZLdTnaCwcuFNsuFfdewTksqaRzGqPaVvYeyxPX2LhG3l,0,0,Photos,,,,,Lifetime,2732,1059,319,175,95,49,65,56,8,1,,,,,,,
122152888112654483,61569634500241,"Juan365 Live Stream","Celebrating all the winners today! 🎉
Keep the fun alive, play with heart, and stay responsible! 💖🎮

#juanababes #Juan365livestream #Juan365PH
#AllInJuanSaSaya #JuanKada #Juan365 #TheResponsibleJuan",,0,"11/28/2025 07:00",N/A,https://www.facebook.com/juan365livestream/posts/pfbid0jj7GZdqQqXb7Gpf3NYjuYeY8AMN24TZizKBKZUDVGxPQpssnD3bzDT3xYbUoGN9El,0,0,Photos,,,,,Lifetime,2730,1275,183,113,56,14,87,73,14,,,,,,,,
122152879508654483,61569634500241,"Juan365 Live Stream","Energy level: MAXED OUT! ⚡️
Check out today’s highlight moments — puro solid reactions and power plays! 🔥

Juankada, nasaksihan mo rin ba ang ganap na ’to?

#juanababes #Juan365livestream #Juan365PH #AllInJuanSaSaya","Energy level: MAXED OUT! ⚡️
Check out today’s highlight moments — puro solid reactions and power plays! 🔥

Juankada, nasaksihan mo rin ba ang ganap na ’to?

#juanababes #Juan365livestream #Juan365PH #AllInJuanSaSaya",87,"11/28/2025 04:01",mixed,https://www.facebook.com/reel/856525323422741/,1,0,Reels,,,,,Lifetime,1297,879,182,127,41,14,122,122,,,20697.408,18.696,,0,,0,
122152874960654483,61569634500241,"Juan365 Live Stream","Daily happiness loading… follow the Juanababes page and join our daily livestream! See you there, Juankada!

#juanababes #juan365livestream #juan365","Daily happiness loading… follow the Juanababes page and join our daily livestream! See you there, Juankada!

#juanababes #juan365livestream #juan365",11,"11/28/2025 02:30",N/A,https://www.facebook.com/reel/1211955180810925/,1,0,Reels,,,,,Lifetime,773,609,105,83,14,8,26,26,,,2938.876,4.802,,0,,0,
1338347730758323,61569634500241,"Juan365 Live Stream","Juanababe Jam,Abi and Sena","Live na kami Juankada! Pasok na, Juankada at may pa surpresa! 👋🔥

#juanababes #Juan365livestream #Juan365PH #AllInJuanSaSaya   #JuanKada #Juan365 #TheResponsibleJuan",8105,"11/27/2025 23:29",uploaded,https://www.facebook.com/juan365livestream/videos/1338347730758323/,0,0,Live,,,,,Lifetime,10615,9873,8825,2173,3604,3048,888,880,,8,587767.656,71.469,0,0,,,
122152836878654483,61569634500241,"Juan365 Live Stream","Warm-up challenge muna, Juankada! 🤩 Guess the Correct Juanababe Sequence 

Comment your answer + Member ID ⬇️ and let’s see who gets it right!

#juanababes #Juan365livestream #Juan365PH #AllInJuanSaSaya",,0,"11/27/2025 20:30",N/A,https://www.facebook.com/juan365livestream/posts/pfbid02Bqk6gSFiPtacvu2bwNL3Qo8aeEHjwFaDjzzNMWTf3TkzPJDszxzzcZDwo9pztqCrl,0,0,Photos,,,,,Lifetime,5016,2301,372,157,157,58,322,292,30,,,,,,,,1
122152827572654483,61569634500241,"Juan365 Live Stream","Who’s excited for today’s livestream? 🙋‍♂️
Juana Babe Sena,Juana Babe Jam  & Juana Babe Abi are going LIVE at 3:30 PM!
Comment “READY” para sa solid Juanakda. 

#juanababes #Juan365livestream #Juan365PH #AllInJuanSaSaya",,0,"11/27/2025 17:18",N/A,https://www.facebook.com/juan365livestream/posts/pfbid0P73HXFcoArTMEnurUw4Y5ABxyAzhKENw45remCWcRRj6CL5D1DJAviyigEuACct5l,0,0,Photos,,,,,Lifetime,3455,1440,323,179,82,62,118,111,7,,,,,,,,
122152762442654483,61569634500241,"Juan365 Live Stream","When everything feels better in slow motion 💗

Music used belongs to its rightful owner. No copyright infringement intended.
#juanababes #Juan365livestream #Juan365PH #AllInJuanSaSaya","When everything feels better in slow motion 💗

Music used belongs to its rightful owner. No copyright infringement intended.
#juanababes #Juan365livestream #Juan365PH #AllInJuanSaSaya",36,"11/26/2025 21:01",mixed,https://www.facebook.com/reel/25288231460838463/,1,0,Reels,,,,,Lifetime,697,460,120,78,29,13,28,28,,,4975.171,8.774,,0,,0,
122152748960654483,61569634500241,"Juan365 Live Stream","Mark your time! ⏳
3:30 PM sharp ang start ng livestream — be there or be late to the fun! 😜

#juanababes #Juan365livestream #Juan365PH #AllInJuanSaSaya",,0,"11/26/2025 17:00",N/A,https://www.facebook.com/juan365livestream/posts/pfbid0Gi42hZ9HfFKgF89eN9NtwRK1qj37DjbuHJHNWkqLGS1Uz6ie4FsWpduDTtgkKvfYl,0,0,Photos,,,,,Lifetime,1625,825,114,85,23,6,56,48,8,,,,,,,,2
122152724624654483,61569634500241,"Juan365 Live Stream","Celebrating all the winners today! 🎉
Keep the fun alive, play with heart, and stay responsible! 💖🎮

#juanababes #Juan365livestream #Juan365PH
#AllInJuanSaSaya #JuanKada #Juan365 #TheResponsibleJuan",,0,"11/26/2025 07:00",N/A,https://www.facebook.com/juan365livestream/posts/pfbid02qMs6So6w61igtyu7KxpreJeuPVubFupyrYkVrjXALCkHgWU2tJeD4FeFnnje7uATl,0,0,Photos,,,,,Lifetime,1898,974,127,83,35,9,91,80,11,,,,,,,,
1185961456825525,61569634500241,"Juan365 Live Stream","Juanababe Ash","Solo live time Juankada! Pasok na sa stream, let’s vibe together!🥰🫶with @[61580337497087:2048:Juana Babe Ashley]

#juanababes #Juan365livestream #Juan365PH #AllInJuanSaSaya #JuanKada #Juan365",7835,"11/25/2025 23:30",uploaded,https://www.facebook.com/juan365livestream/videos/1185961456825525/,0,0,Live,,,,,Lifetime,9549,9032,5853,1345,3214,1294,985,985,,,593473.869,82.472,0,0,,,
122152677452654483,61569634500241,"Juan365 Live Stream","Game na, Juankada? Makipag-kulitan with your Juanababes on stream — may special surpresa pang nakaabang para sa’yo! 🎁✨

ALL-in-Juan fun, dito lang sa Juan365 Livestream!

#juanababes #Juan365livestream #Juan365 #Juan365PH #AllInJuanSaSaya #JuanKada",,0,"11/25/2025 22:00",N/A,https://www.facebook.com/juan365livestream/posts/pfbid0DvK8Ce2AaxfY1dQxP8JLA9UWvT1gbFZzxpg32i6U2NdM4NT7nuuVK7c3FUbGTbwml,0,0,Photos,,,,,Lifetime,2069,892,153,99,26,28,62,57,5,,,,,,,,
122152673018654483,61569634500241,"Juan365 Live Stream","Let’s do the matching game at ipakita kung gaano mo kakilala ang bawat game sa Juan365! 👀

I-COMMENT na ang tamang sagot! 👇

#juanababes #juan365livestream #juan365",,0,"11/25/2025 20:00",N/A,https://www.facebook.com/juan365livestream/posts/pfbid023RTybYUTVXADFqzd1XxNa92xZUUCvMCxVWVcR3LmC1MzVeLE77YNFoUGEihhwdRkl,0,0,Photos,,,,,Lifetime,2042,959,220,102,87,31,177,145,32,,,,,,,,
122152664906654483,61569634500241,"Juan365 Live Stream","Afternoon vibes unlocked 🌤️ Join the fun stream with Juana Babe Ashley — 3:30 PM tayo!

#juanababes #Juan365livestream #Juan365PH #AllInJuanSaSaya #JuanKada #Juan365",,0,"11/25/2025 17:00",N/A,https://www.facebook.com/juan365livestream/posts/pfbid0Y83hmq3V8cxAPzkUvkJiX4D8w6a5mS4HvyEMzyRJm3PAwD79k7gTbJ1pkqCN3iU5l,0,0,Photos,,,,,Lifetime,2190,1034,175,111,38,26,72,67,5,,,,,,,,
122152635986654483,61569634500241,"Juan365 Live Stream","Celebrating all the winners today! 🎉
Keep the fun alive, play with heart, and stay responsible! 💖🎮

#juanababes #Juan365livestream #Juan365PH
#AllInJuanSaSaya #JuanKada #Juan365 #TheResponsibleJuan",,0,"11/25/2025 07:00",N/A,https://www.facebook.com/juan365livestream/posts/pfbid02145a2b1yc2mRLWGBj7wGA9cH3G7eKvCXgpk4X7BUuPemNrtcKg1de8iTwSz1yCmbl,0,0,Photos,,,,,Lifetime,6403,3477,216,131,67,18,266,189,77,,,,,,,,
122152627928654483,61569634500241,"Juan365 Live Stream","One tap is all it takes!
Dive in and unlock endless gaming excitement today! 🎮

#juanababes #juan365livestream #juan365",,0,"11/25/2025 05:00",N/A,https://www.facebook.com/juan365livestream/posts/pfbid02aTuM5VPrkeRVoVNTY6D1Jx17VpDX5tcSrub5BzrQgwUDfHabCMQfxuWHAQbvez7pl,0,0,Photos,,,,,Lifetime,1758,939,110,71,29,10,68,58,10,,,,,,,,
122152619894654483,61569634500241,"Juan365 Live Stream","30 days na lang! 🎅
Sino’ng excited mag-simbang gabi, kumain ng bibingka, at mag-unbox ng gift galing kay Juan at mga Juanababes? 🎁✨

#juanababes #Juan365livestream #Juan365PH #AllInJuanSaSaya #JuanKada #Juan365",,0,"11/25/2025 02:30",N/A,https://www.facebook.com/juan365livestream/posts/pfbid02hYRaUZ5nLUJzqSSDECjyV4bLZEgwBXp2BiBkU6Wn1NTJsGTgMk5jW52AQNykRwtbl,0,0,Photos,,,,,Lifetime,1702,819,129,84,29,16,63,56,7,,,,,,,,
748751951614467,61569634500241,"Juan365 Live Stream","Juana babe Zell and Jam","Live vibes! Juankada! Samahan niyo kami 🥰with Juana Babe Jamand Juana Babe Zell 

#juanababes #Juan365livestream #Juan365PH #AllInJuanSaSaya   #JuanKada #Juan365 #TheResponsibleJuan",9756,"11/24/2025 23:31",uploaded,https://www.facebook.com/juan365livestream/videos/748751951614467/,0,0,Live,,,,,Lifetime,11166,11284,11099,2387,5668,3044,1294,1294,,,684117.78,79.91,0,0,,,
122152578740654483,61569634500241,"Juan365 Live Stream","Happy Tuesday! Doing better ka, Juankada! 💪

#juanababes #juan365livestream #juan365",,0,"11/24/2025 20:30",N/A,https://www.facebook.com/juan365livestream/posts/pfbid0GMrEKJA5kZZcESZqHMv37XTFEsm8LeDwDDaHXpz979VqWovSLTDeAFwBToNZA5QBl,0,0,Photos,,,,,Lifetime,1946,884,157,95,46,16,48,45,3,,,,,,,,
122152567616654483,61569634500241,"Juan365 Live Stream","Ready for some unexpected fun? 🔥
See you on the livestream at 3:30 PM with your Juana Babe Jam & Juana Babe Zell! 🎥✨
Don’t miss it, Juankada!

#juanababes #Juan365livestream #Juan365PH #AllInJuanSaSaya #JuanKada #Juan365",,0,"11/24/2025 17:00",N/A,https://www.facebook.com/juan365livestream/posts/pfbid02AqY15ecwQqvnkKxdbv5JM56s398Nr6N29Ym5N8nKiDA7J2RU9mMPKntAksM7HUkXl,0,0,Photos,,,,,Lifetime,2525,1187,241,147,60,34,90,81,9,,,,,,,,
122152541564654483,61569634500241,"Juan365 Live Stream","Celebrating all the winners today! 🎉
Keep the fun alive, play with heart, and stay responsible! 💖🎮

#juanababes #Juan365livestream #Juan365PH
#AllInJuanSaSaya #JuanKada #Juan365 #TheResponsibleJuan",,0,"11/24/2025 07:07",N/A,https://www.facebook.com/juan365livestream/posts/pfbid0AYPbT42V6CMimUoVk8Be6WXo2K6JXNmaFrTk8rJJU2KvAhytSZuKfWLGm4jx1fVml,0,0,Photos,,,,,Lifetime,2360,1154,193,104,71,18,72,60,12,,,,,,,,
122152532318654483,61569634500241,"Juan365 Live Stream","Juan365 Livestream is here to turn your day around—fun, kwentuhan, and good vibes all the way!

Join us live every day and let’s make boredom a thing of the past!🔥✨

#juanababes #juan365livestream #juan365",,0,"11/24/2025 04:30",N/A,https://www.facebook.com/juan365livestream/posts/pfbid0NvzYJcBXm3SY5rppjzstwhwsSMKioBgLumVh1oQ9mv4MoJfSNbL2xpMeDHBg4BRul,0,0,Photos,,,,,Lifetime,2331,1041,175,104,42,29,69,59,10,,,,,,,,
2126712044763113,61569634500241,"Juan365 Live Stream","Juanababe Ash and Zell","Streaming Live Juankada! Join the conversation with @[61580479407070:2048:Juana Babe Zell] and @[61580337497087:2048:Juana Babe Ashley] 🔊💭

#juanababes #Juan365livestream -- #Juan365PH #AllInJuanSaSaya #JuanKada #Juan365 #TheResponsibleJuan",7440,"11/23/2025 23:30",uploaded,https://www.facebook.com/juan365livestream/videos/2126712044763113/,0,0,Live,,,,,Lifetime,12964,13365,10006,2687,5722,1597,1620,1619,,1,718121.368,71.963,0,0,,,
122152492766654483,61569634500241,"Juan365 Live Stream","Gusto mo ng saya at thrill? Step in and level up your day — only at Juan365! 🎮
Comment ‘GAME!’ kung ready ka na to join the fun!👇

#juanababes #juan365livestream #juan365",,0,"11/23/2025 22:33",N/A,https://www.facebook.com/juan365livestream/posts/pfbid02iVaLnuDyAFU3L9LsCsPBbPLKr1qb1Ehz9KwtgujzLdeMK1VjmYZve67dxCfFPsfwl,0,0,Photos,,,,,Lifetime,2186,850,174,98,54,22,73,68,5,,,,,,,,
122152480622654483,61569634500241,"Juan365 Live Stream","Kasing ganda ng aura ni Juanababe Sena dapat ang Monday mood natin. 

Good luck sa buong linggo, Juankada! 🌟😊

Music used belongs to its rightful owner. No copyright infringement intended.
#juanababes #juan365livestream #juan365","Kasing ganda ng aura ni Juanababe Sena dapat ang Monday mood natin. 

Good luck sa buong linggo, Juankada! 🌟😊

Music used belongs to its rightful owner. No copyright infringement intended.
#juanababes #juan365livestream #juan365",19,"11/23/2025 19:00",N/A,https://www.facebook.com/juan365livestream/videos/1326788862535898/,0,0,Videos,,,,,Lifetime,912,674,146,97,31,18,60,60,,,5201.318,7.086,0,0,,0,
122152472828654483,61569634500241,"Juan365 Live Stream","Handa na ba kayo sa solid vibes, surprises, at full energy?
Kita-kits sa stream at 3:30PM🤗

Juana Babe Ashley | Juana Babe Sena 

#juanababes #Juan365livestream #Juan365PH",,0,"11/23/2025 17:05",N/A,https://www.facebook.com/juan365livestream/posts/pfbid07rsiLTHR6MQJ3UZRQy4UmCWx7EVGjqAQ7rKEdw2EjGV5hXEQHvv4buqpNjHHSng1l,0,0,Photos,,,,,Lifetime,2901,1229,258,157,63,38,91,81,10,,,,,,,,
122152446194654483,61569634500241,"Juan365 Live Stream","Celebrating all the winners today! 🎉
Keep the fun alive, play with heart, and stay responsible! 💖🎮

#juanababes #Juan365livestream #Juan365PH
#AllInJuanSaSaya #JuanKada #Juan365 #TheResponsibleJuan",,0,"11/23/2025 07:00",N/A,https://www.facebook.com/juan365livestream/posts/pfbid0NyBDxfH2L6cnMULfYcAkZxyf5NdVnrJ45dxe7ia3YS1JvFDuA9JtikEcYXpV8Hu8l,0,0,Photos,,,,,Lifetime,2957,1280,728,104,39,585,201,98,103,,,,,,4,,
122152427540654483,61569634500241,"Juan365 Live Stream","Juankada, handa ka na ba? 😳 Ano sa tingin mo ang laman ng Mystery Box? Comment your wildest guess!

#juanababes #Juan365livestream #Juan365 #Juan365PH #AllInJuanSaSaya #JuanKada",,0,"11/23/2025 03:04",N/A,https://www.facebook.com/juan365livestream/posts/pfbid02oMtDLoDNzmMmXDzFnv9rubvkSXWYKmr7QNvEjcRqZYBEDVn2jFtuShKtxTmWVsNSl,0,0,Photos,,,,,Lifetime,2532,1143,230,114,93,23,140,131,9,,,,,,,,
1071596191650933,61569634500241,"Juan365 Live Stream","Chill mode on, Juankada!","Let’s spread the good vibes! Watch us live with @[61580361006776:2048:Juana Babe Sena] at @[61580479407070:2048:Juana Babe Zell]! 🌈",8246,"11/22/2025 23:30",uploaded,https://www.facebook.com/juan365livestream/videos/1071596191650933/,0,0,Live,,,,,Lifetime,12409,11659,8889,1705,5662,1522,1050,1039,,11,590962.437,59.137,0,0,,,
122152392614654483,61569634500241,"Juan365 Live Stream","Believe in yourself, Juankada! 🌟 Ang ganda ng araw na ‘to, kaya mo ‘yan!

#juanababes #juan365livestream #juan365",,0,"11/22/2025 20:05",N/A,https://www.facebook.com/juan365livestream/posts/pfbid02vDWxhUZhMJ7Bo21bK1Pvo58ECEfSuxoWG6T3fU165dpGGsZu3iw8qNZJfWM2xwJCl,0,0,Photos,,,,,Lifetime,3095,1493,254,134,76,44,80,73,7,,,,,,,,
122152392248654483,61569634500241,"Juan365 Live Stream","Which side are you on, Juankada? ⚡️

Drop your choice sa comments!

#juanababes #juan365livestream #juan365 #AllInJuanSaSaya","Which side are you on, Juankada? ⚡️

Drop your choice sa comments!

#juanababes #juan365livestream #juan365 #AllInJuanSaSaya",15,"11/22/2025 20:00",N/A,https://www.facebook.com/juan365livestream/videos/859617703268695/,1,0,Videos,,,,,Lifetime,1116,730,237,117,86,34,89,89,,,5097.211,5.798,0,0,,0,
122152387784654483,61569634500241,"Juan365 Live Stream","📣 Juankada, mamaya na ‘to! LIVE at 3:30 PM!
Prepare your snacks, your comments, and your good vibes!😆

Juana Babe Sena | Juana Babe Zell  

#juanababes #Juan365livestream #Juan365PH
#AllInJuanSaSaya #JuanKada #Juan365 #TheResponsibleJuan",,0,"11/22/2025 18:16",N/A,https://www.facebook.com/juan365livestream/posts/pfbid0HQ2NEy1uHP37GhF7A5N7ynPJ5FtoHzhnDp4RjZB4TrE9py5jPDFVXsdAvrvqopVHl,0,0,Photos,,,,,Lifetime,1824,843,170,116,33,21,35,34,1,,,,,,,,1
122152356356654483,61569634500241,"Juan365 Live Stream","Celebrating all the winners today! 🎉
Keep the fun alive, play with heart, and stay responsible! 💖🎮

#juanababes #Juan365livestream #Juan365PH
#AllInJuanSaSaya #JuanKada #Juan365 #TheResponsibleJuan",,0,"11/22/2025 07:00",N/A,https://www.facebook.com/juan365livestream/posts/pfbid0dh6E7KYqFZ3oeFrQtPjgYitRbWCuFrTs2SVyXdNw7Uz8dADqay8v1mKYGNNq69Ytl,0,0,Photos,,,,,Lifetime,4954,2559,206,111,55,40,355,171,170,14,,,,,1,,
122152346702654483,61569634500241,"Juan365 Live Stream","Speak Up Your Mind!
Anong laro ang nagbibigay saya sa’yo lately? 🕹

Comment mo with your Member ID, baka may magic surprise na dumating! ✨

#juanababes #Juan365livestream #Juan365PH #AllInJuanSaSaya #JuanKada #Juan365",,0,"11/22/2025 04:01",N/A,https://www.facebook.com/juan365livestream/posts/pfbid0tjThxENZ4ugraUy8aRuzqpgsgMyyNHRpbRgxTxx77uAeDf8Ng8UT6MUrEuuNZDtpl,0,0,Photos,,,,,Lifetime,1800,873,187,90,66,31,93,84,9,,,,,,,,
122152339892654483,61569634500241,"Juan365 Live Stream","Responsible gaming starts with knowing when to stop. Keep it fun, keep it smart — play responsibly, Juankada!

#juanababes #Juan365livestream #Juan365PH #AllInJuanSaSaya #JuanKada #Juan365",,0,"11/22/2025 02:30",N/A,https://www.facebook.com/juan365livestream/posts/pfbid02pL1z6y9YBH99AugbqEd1e4aDmnWJtceocXWR1vC4nXuwyghMiQ4xj7Zbbfq2d7VJl,0,0,Photos,,,,,Lifetime,3107,1442,267,130,94,43,129,83,15,31,,,,,,,
1957445268314558,61569634500241,"Juan365 Live Stream","Juanababe  Abi and Juanababe Sena","Tara sa live Juankada! let’s vibe! with @[61580716220863:2048:Juana Babe Abi] and @[61580361006776:2048:Juana Babe Sena]☺️

#juanababes #Juan365livestream #Juan365PH #AllInJuanSaSaya #JuanKada #Juan365 #TheResponsibleJuan",8433,"11/21/2025 23:31",uploaded,https://www.facebook.com/juan365livestream/videos/1957445268314558/,0,0,Live,,,,,Lifetime,11711,11554,7148,1559,3893,1696,1099,1060,,39,724177.453,81.413,0,0,,,
122152312886654483,61569634500241,"Juan365 Live Stream","Ready na ba kayo, Juankada?
Sino kaya ang magiging lucky? Comment na at ipakita kung ano ang deserve mo! 🔥

#juanababes #juan365livestream #juan365",,0,"11/21/2025 22:00",N/A,https://www.facebook.com/juan365livestream/posts/pfbid0ZPSH22E2zw1QKdRWFC8JzLee5SbG6uXc7FWLcknzsDHRtmqMwnvydj2zUSMUucoQl,0,0,Photos,,,,,Lifetime,5034,2341,346,153,143,50,328,253,22,53,,,,,,,
122152303298654483,61569634500241,"Juan365 Live Stream","🎥 See you LIVE at 3:30 PM!
Samahan niyo ako sa chikahan at kulitan mamaya!

✨ Trio the fun kasama sina Juanababe Jam, Abi, at Sena! 💛

#juanababes #Juan365livestream #Juan365PH
#AllInJuanSaSaya #JuanKada #Juan365 #TheResponsibleJuan",,0,"11/21/2025 20:07",N/A,https://www.facebook.com/juan365livestream/posts/pfbid02mRwfy4cPRDCeCNXwQYKfbCKG4nmwg3WfCZGaDNy7QesAzaFn22JVQfX7NgaL4S7ol,0,0,Photos,,,,,Lifetime,3540,1573,303,184,76,43,104,90,14,,,,,,,,
122152271432654483,61569634500241,"Juan365 Live Stream","Celebrating all the winners today! 🎉
Keep the fun alive, play with heart, and stay responsible! 💖🎮

#juanababes #Juan365livestream #Juan365PH
#AllInJuanSaSaya #JuanKada #Juan365 #TheResponsibleJuan",,0,"11/21/2025 07:00",N/A,https://www.facebook.com/juan365livestream/posts/pfbid023odpJgghxFkLsXMuEjMuZjcu6EFPSAY6jmG7xjFyxf2yp3QQUvBBrKQhVGdUWctLl,0,0,Photos,,,,,Lifetime,2282,1198,194,111,55,28,73,61,12,,,,,,,,
122152262030654483,61569634500241,"Juan365 Live Stream","Let’s make it a fun Friday — anong gagawin mo?🫣

#juanababes #juan365livestream #juan365",,0,"11/21/2025 04:05",N/A,https://www.facebook.com/juan365livestream/posts/pfbid02ZTNDtrrf9VSR9xKMEeUvnKX9USY4mL1111LBeTkVDNGmXyxCPEk1rWcqWny8GCPtl,0,0,Photos,,,,,Lifetime,1319,685,150,87,42,21,42,37,5,,,,,,,,
122152257902654483,61569634500241,"Juan365 Live Stream","Kung saan may tawanan, kwentuhan, kulit time, at walang sawang good vibes everyday — nandito ‘yan sa Juan365 Livestream!

Happiness Guaranteed. 🤩

#juanababes #Juan365livestream #Juan365 #Juan365PH #AllInJuanSaSaya #JuanKada #TheResponsibleJuan",,0,"11/21/2025 02:30",N/A,https://www.facebook.com/juan365livestream/posts/pfbid0dbxVgZSKn12ckLvZuvH8mVcjfGFsw7UxAoArea117Zzp68o2FyjmkJYf7ujipjDyl,0,0,Photos,,,,,Lifetime,1480,773,164,94,53,17,62,56,6,,,,,,,,
2589330214776977,61569634500241,"Juan365 Live Stream","Juanababe Abi and Sena","Araw ng good vibes Juankada! dito lang sa live! with @[61580716220863:2048:Juana Babe Abi] and @[61580361006776:2048:Juana Babe Sena]😊🥰

#juanababes #Juan365livestream #Juan365PH #Juan365 #AllInJuanSaSaya #JuanKada #TheResponsibleJuan #juantambayan",8017,"11/20/2025 23:30",uploaded,https://www.facebook.com/juan365livestream/videos/2589330214776977/,0,0,Live,,,,,Lifetime,10797,9327,9441,3065,4527,1849,1014,1006,,8,611838.02,74.961,0,0,,,
122152219280654483,61569634500241,"Juan365 Live Stream","Ganitong energy pag Friday na — HELLO WEEKEND! 💃😎

#juanababes #juan365livestream #juan365","Ganitong energy pag Friday na — HELLO WEEKEND! 💃😎

#juanababes #juan365livestream #juan365",11,"11/20/2025 20:00",N/A,https://www.facebook.com/reel/1474241250304628/,1,0,Reels,,,,,Lifetime,1374,782,165,102,42,21,61,61,,,6938.399,6.938,,0,,0,
122152213952654483,61569634500241,"Juan365 Live Stream","LIVE mamaya kasama si Juana Babe Abi and Juana Babe Sena  🔥
Double the energy, double the fun—sama na sa kulitan at mas exciting na livestream!

#juanababes #Juan365livestream #Juan365 #Juan365PH #AllInJuanSaSaya #JuanKada #TheResponsibleJuan",,0,"11/20/2025 18:26",N/A,https://www.facebook.com/juan365livestream/posts/pfbid02GJnp8Q8EKnVrtSbtLc4vTJw1KEyvSCtwAKU8qxiUsx2hqyVrprmE886FZdwSnpT6l,0,0,Photos,,,,,Lifetime,2264,1001,190,123,47,20,60,55,5,,,,,,1,,
122152185326654483,61569634500241,"Juan365 Live Stream","Celebrating all the winners today! 🎉
Keep the fun alive, play with heart, and stay responsible! 💖🎮

#juanababes #Juan365livestream #Juan365PH
#AllInJuanSaSaya #JuanKada #Juan365 #TheResponsibleJuan",,0,"11/20/2025 07:00",N/A,https://www.facebook.com/juan365livestream/posts/pfbid035h4cQY2ikJ2TmXfTCqYnguxu1mwpuZNHEj5bZEAtVr4AjkeFGy2HDBhUzAcqUrXUl,0,0,Photos,,,,,Lifetime,2540,1294,194,98,73,23,124,109,15,,,,,,1,,
122152177430654483,61569634500241,"Juan365 Live Stream","Bugtong time: “Ano ang hindi umaalis pero laging nawawala?”
Wrong answers only—let’s see your funniest ideas! 😆💬

#juanababes #Juan365livestream #Juan365PH #AllInJuanSaSaya #JuanKada #Juan365",,0,"11/20/2025 05:01",N/A,https://www.facebook.com/juan365livestream/posts/pfbid02n5qcN9s5in5trEuYmsVcnwp29JxQQHvXaZMfzMFQmC4wUxqfGBw8nEz2XSwKDUgjl,0,0,Photos,,,,,Lifetime,2974,1470,266,121,128,17,276,255,21,,,,,,1,,
122152152146654483,61569634500241,"Juan365 Live Stream","Juan365 Live Stream updated their cover photo.",,0,"11/19/2025 23:49",N/A,https://www.facebook.com/photo.php?fbid=122152152146654483&set=a.122097244610654483&type=3,0,0,Photos,,,,,Lifetime,19,18,101,72,14,15,0,,,,,,,,,,
2184896375366592,61569634500241,"Juan365 Live Stream","JuanaBabe Abi","Tara Juankada, real-time kwentuhan! with your @[61580716220863:2048:Juana Babe Abi] 💬😊

#juanababes #Juan365livestream #Juan365 #Juan365PH #AllInJuanSaSaya #JuanKada #TheResponsibleJuan #juantambayan",8112,"11/19/2025 23:30",uploaded,https://www.facebook.com/juan365livestream/videos/2184896375366592/,0,0,Live,,,,,Lifetime,12287,11761,11283,3716,5529,2038,1185,1182,,3,792998.7,84.703,0,0,,,
122152139906654483,61569634500241,"Juan365 Live Stream","Craving happiness? Don’t wait—tap the Juan365 app now and join the fun! 🔥📲

#juanababes #Juan365livestream #Juan365PH #AllInJuanSaSaya #JuanKada #Juan365",,0,"11/19/2025 22:10",N/A,https://www.facebook.com/juan365livestream/posts/pfbid058dTDZ2t3fBcMZQimg7AVFw8Aipy2aNwnzDXgA52cwy4HzVRbfSK1irveQCBGYA8l,0,0,Photos,,,,,Lifetime,1764,964,157,83,52,22,65,63,2,,,,,,,,
122152127210654483,61569634500241,"Juan365 Live Stream","🚨 LIVE at 3:30 PM!
Join Juana Babe Abi  for today’s livestream! Tap in and vibe with us! 🌟

#juanababes #Juan365livestream #Juan365PH #AllInJuanSaSaya #JuanKada #Juan365",,0,"11/19/2025 19:10",N/A,https://www.facebook.com/juan365livestream/posts/pfbid034wGbuGP6ULCce3Krfy72XPX4RJAoBE42BfJwgApBFUWxcrXWBez1TZeTW1gfD5K1l,0,0,Photos,,,,,Lifetime,2471,1286,211,124,59,28,124,89,13,22,,,,,,,
122152081130654483,61569634500241,"Juan365 Live Stream","Cheers to today’s lucky winners! 🎉
T uloy lang ang saya — play smart, play with heart, and stayTuloy lang ang saya — play smart, play with heart, and stay#theresponsiblejuan responsible! 💖🎮

#juanababes #Juan365livestream #Juan365PH #AllInJuanSaSaya #JuanKada #Juan365",,0,"11/19/2025 07:00",N/A,https://www.facebook.com/juan365livestream/posts/pfbid0imJVx5AaSMyUBSTrrbFpJjZKbsEBmaUmMSbeJTSyJo9yB4FjsUrThd9ashWNpc6ml,0,0,Photos,,,,,Lifetime,2017,1014,169,97,54,18,67,59,8,,,,,,,,
1128995219400174,61569634500241,"Juan365 Live Stream","Huy Juankada, ready na ba? Tune in and ride the fun","Huy Juankada, ready na ba? Tune in and ride the fun with @[61580716220863:2048:Juana Babe Abi], @[61580337497087:2048:Juana Babe Ashley] & @[61580479407070:2048:Juana Babe Zell]!

#juanababes #Juan365livestream #Juan365 #Juan365PH #AllInJuanSaSaya #JuanKada #TheResponsibleJuan #juantambayan",7743,"11/18/2025 23:30",uploaded,https://www.facebook.com/juan365livestream/videos/1128995219400174/,0,0,Live,,,,,Lifetime,9712,9228,6710,1304,3740,1666,982,981,,1,444164.968,59.683,0,0,,,
122152031132654483,61569634500241,"Juan365 Live Stream","Juankada, narito na ang mechanics para maka-sali sa Mas Pinasaya, Mas Pinaganda, at Mas Pinaraming Surpresa ni Juan! 🥳🤩

Don’t forget — more shares, more chances of winning, kaya ishare niyo na ng ishare! 💥

Ready na ba kayong manalo — LIVE sa Juan365 Livestream 😉

#Juan365 #Juan365PH #AllInJuanSaSaya #JuanKada #SurpresaNiJuanVer2",,0,"11/18/2025 22:32",N/A,https://www.facebook.com/juan365livestream/posts/pfbid0ATasAuBJQBeLPBFEHFNbSLHtCsyqtxwC43PHkQSPWPF19oNsZkgpejLArWje4f4Xl,0,1,Text,,,,,Lifetime,,520,137,101,36,0,36,34,,2,,,,,,,
122152029164654483,61569634500241,"Juan365 Live Stream","Juankada fam! Gusto naming marinig kayo—i-share kung proud Juankada ka! 🧡🤗

#juanababes #juan365livestream #juan365 #juan36 #AllInJuanSaSaya",,0,"11/18/2025 22:00",N/A,https://www.facebook.com/juan365livestream/posts/pfbid0EMYKdTN73ALidpL4dzCDChb53LF7K4y5ZeyJFWgafxSE37LMbcMWbE8AeXsYCmYcl,0,0,Photos,,,,,Lifetime,2686,1171,230,119,63,48,136,111,11,14,,,,,,,
122152006172654483,61569634500241,"Juan365 Live Stream","Enjoy the thrill, pero laging maglaro nang responsable. Importante sa amin ang bawat panalo at bet mo, Juankada!

#juanababes #juan365livestream #juan365",,0,"11/18/2025 18:58",N/A,https://www.facebook.com/juan365livestream/posts/pfbid035H36BwzJWBdyj1CiutokUSrusKWmDE88RizxGAorai6Qp6hNYfTv8stUVmxADBzNl,0,0,Photos,,,,,Lifetime,1492,766,139,94,28,17,59,53,6,,,,,,,,
122151999422654483,61569634500241,"Juan365 Live Stream","Ready na ba kayo maki-kulitan at maki-bonding live? 😍 

Tara na sa Juan365 Livestream kasama sina Juanababes Zell, Abi, at Ashley! 

See you later, Juanakada! 🧡

#juanababes #juan365livestream #juan365 #juan36 #AllInJuanSaSaya",,0,"11/18/2025 17:14",N/A,https://www.facebook.com/juan365livestream/posts/pfbid02RjPR4kaEpFoFzCVFzrwnZRQnbwUgjh81v2JMenHTXdYami3Uf2rAwcW5t1rf4EJEl,0,0,Photos,,,,,Lifetime,1219,597,95,71,17,7,40,34,6,,,,,,,,
122151974132654483,61569634500241,"Juan365 Live Stream","Celebrating all the winners today! 🎉
Keep the fun alive, play with heart, and stay responsible! 💖🎮

#juanababes #Juan365livestream #Juan365PH
#AllInJuanSaSaya #JuanKada #Juan365 #TheResponsibleJuan",,0,"11/18/2025 07:04",N/A,https://www.facebook.com/juan365livestream/posts/pfbid02qp5JKSEqtwzPLFkTcTLSLJQ6uYWZ5Cf7SgiRaisqMDftpyQbbAaCBwDxd8cAEwo4l,0,0,Photos,,,,,Lifetime,1562,807,72,59,8,5,40,30,10,,,,,,,,
122151963500654483,61569634500241,"Juan365 Live Stream",,,0,"11/18/2025 04:27",N/A,https://www.facebook.com/juan365livestream/posts/pfbid02EpWnH4FB5CbJ7ZQBrxLLSvDdULdvyTBCn45bo5UicVfHJ6mbqmmKrD5P6akUevoZl,0,1,Photos,,,,,Lifetime,1262,656,48,39,8,1,40,29,1,10,,,,,,,
122151961904654483,61569634500241,"Juan365 Live Stream","Proof that love is… dancing with your favorite Juanababe Jam and Abi 💛

Music used belongs to its rightful owner. No copyright infringement intended.
#juanababes #Juan365livestream #juan365 #AllInJuanSaSaya","Proof that love is… dancing with your favorite Juanababe Jam and Abi 💛

Music used belongs to its rightful owner. No copyright infringement intended.
#juanababes #Juan365livestream #juan365 #AllInJuanSaSaya",17,"11/18/2025 04:01",mixed,https://www.facebook.com/reel/845334227991690/,1,0,Reels,,,,,Lifetime,1051,850,79,63,12,4,45,45,,,6076.785,7.225,,0,,0,
122151958970654483,61569634500241,"Juan365 Live Stream","Hindi nauubos ang good vibes. Araw-araw ang saya! Kaya tutok na sa Juan365 Livestream daily! 🔥

#juanababes #juan365livestream #juan365",,0,"11/18/2025 03:00",N/A,https://www.facebook.com/juan365livestream/posts/pfbid02ZLVCDKwxW3uwjPtW3sh2L9ibwEiF9X6fabBRzBj2zT1xPAqNjhLguyarKHN2T7WSl,0,0,Photos,,,,,Lifetime,2026,939,104,73,23,8,56,50,6,,,,,,,,
122151931652654483,61569634500241,"Juan365 Live Stream","Ready na ba kayo para sa mas pinagandang surpresa mula kay Juan365🥳.Abangan ang bonggang bonggang sorpresa… Stay tuned, EveryJUAN! 📢Stay tuned, EveryJUAN! 📢

#juanababes #Juan365livestream #Juan365PH",,0,"11/17/2025 23:57",N/A,https://www.facebook.com/juan365livestream/posts/pfbid04EkiPHXw4tVaXZETTkdSYm6tmzvRVay1TSAYvDGKJisSksfHZ377kkb5cDYcvy7Gl,0,1,Text,,,,,Lifetime,,624,108,74,34,0,48,47,,1,,,,,,,
852464764103900,61569634500241,"Juan365 Live Stream","Juanababe Zell and Jam","Andito na tayo mga Juankada! Tune in, don’t miss out With @[61580395595183:2048:Juana Babe Jam] and @[61580479407070:2048:Juana Babe Zell]! 🔥

#juanababes #Juan365livestream #Juan365 #Juan365PH #AllInJuanSaSaya #JuanKada #TheResponsibleJuan #juantambayan",7341,"11/17/2025 23:29",uploaded,https://www.facebook.com/juan365livestream/videos/852464764103900/,0,0,Live,,,,,Lifetime,11939,11240,7144,1612,3711,1821,713,713,,,607850.478,66.84,0,0,,,
122151908510654483,61569634500241,"Juan365 Live Stream","Join the fun, Juankada! Just remember to keep your gameplay responsible. 🎮🧡

#juanababes #juan365livestream #juan365",,0,"11/17/2025 21:00",N/A,https://www.facebook.com/juan365livestream/posts/pfbid02SoCZjTkgGn2tJxBSPamDRHBpoPemWuq8U4cHUqFmQQZ9wKmqLnNE881MfDHfDgLYl,0,0,Photos,,,,,Lifetime,1528,776,143,77,52,14,44,39,5,,,,,,,,
122151889304654483,61569634500241,"Juan365 Live Stream","Cutie energy lang si JuanaBabe Sena today 🧡✨","Cutie energy lang si JuanaBabe Sena today 🧡✨

#juanababes #juan365livestream #juan365",10,"11/17/2025 19:00",uploaded,https://www.facebook.com/juan365livestream/videos/1142050137997902/,1,0,Videos,,,,,Lifetime,1363,667,148,93,38,17,50,50,,,7047.704,7.505,0,0,,0,
122151878012654483,61569634500241,"Juan365 Live Stream","Alam mo ba Juankada?
May pasilip na sorpresa sina Juana Babe Jam at Juana Babe Zell  sa LIVE—at ikaw ang gusto nilang kasama! 👀

siguradong mapapangiti ka. 🥳

#juanababes #juan365livestream #juan365 #juan36 #AllInJuanSaSaya",,0,"11/17/2025 17:00",N/A,https://www.facebook.com/juan365livestream/posts/pfbid02n1PL1rperXRnZgE5sxwbcN5ohhDEvY3nTqjXtrDPswFTWnETm45yUKWoEUEBeFvl,0,0,Photos,,,,,Lifetime,1311,639,140,76,39,25,55,51,4,,,,,,,,
122151854702654483,61569634500241,"Juan365 Live Stream","Celebrating all the winners today! 🎉
Keep the fun alive, play with heart, and stay responsible! 💖🎮

#juanababes #Juan365livestream #Juan365PH
#AllInJuanSaSaya #JuanKada #Juan365 #TheResponsibleJuan",,0,"11/17/2025 07:01",N/A,https://www.facebook.com/juan365livestream/posts/pfbid033ZyxYtocdotFcHZ8LuEXwq8xwjo6oC7eqJiuvq8zsFgHkvfj2XrVSF4Vo3iSayRdl,0,0,Photos,,,,,Lifetime,1303,671,101,58,30,13,45,43,2,,,,,,1,,
122151831956654483,61569634500241,"Juan365 Live Stream","Juankada, we’ve got you! 🤝✨
We make every stream fun, safe, and full of good vibes.
Safety, support, and positivity—yan ang promise ng Juan365.

#juanababes #Juan365livestream #Juan365PH
#AllInJuanSaSaya #JuanKada #Juan365 #TheResponsibleJuan",,0,"11/17/2025 04:30",N/A,https://www.facebook.com/juan365livestream/posts/pfbid0hNGZLvnuRmm9pWdQ3w9ojr6pShyPRwbaiqTmNVKFPdtsEssct4BvDiqjsHNsoMWVl,0,0,Photos,,,,,Lifetime,1351,728,95,61,20,14,35,28,7,,,,,,,,
122151826292654483,61569634500241,"Juan365 Live Stream","Followers check! 👀 Kumusta na kayo, Juankada? Let’s make today fun!
Comment your Game ID and say “Present!” ✅

#juanababes #Juan365livestream #Juan365PH
#AllInJuanSaSaya #JuanKada #Juan365",,0,"11/17/2025 03:00",N/A,https://www.facebook.com/juan365livestream/posts/pfbid025qFjaxXyoh3NzmHk1jthihCvsicoYSmcFaMpQKoh2kuG2LkwPafk8gBbTBiPV9qcl,0,0,Photos,,,,,Lifetime,1904,904,250,118,101,31,144,136,8,,,,,,,,
1399473931616618,61569634500241,"Juan365 Live Stream","Let’s go live Juankada!","Let’s go live Juankada! Kulitan + chikahan with your fave Juana Babes @[61580361006776:2048:Juana Babe Sena] and @[61580337497087:2048:Juana Babe Ashley] tara na! 🔥😎

#juanababes #Juan365livestream #Juan365 #Juan365PH #AllInJuanSaSaya #JuanKada #TheResponsibleJuan #juantambayan",7488,"11/16/2025 23:30",uploaded,https://www.facebook.com/juan365livestream/videos/1399473931616618/,0,0,Live,,,,,Lifetime,9040,8491,5728,1470,3007,1251,672,672,,,428319.626,62.021,0,0,,,
122151797678654483,61569634500241,"Juan365 Live Stream","""You’ll always be a part of me ✨
And I’m part of you indefinitely.”

Catch more moments like this on Juan365 Livestream 🎥

#juanababes #juan365livestream #juan365 #juan36 #AllInJuanSaSaya","""You’ll always be a part of me ✨
And I’m part of you indefinitely.”

Catch more moments like this on Juan365 Livestream 🎥

#juanababes #juan365livestream #juan365 #juan36 #AllInJuanSaSaya",15,"11/16/2025 22:00",N/A,https://www.facebook.com/reel/1268072112033308/,1,0,Reels,,,,,Lifetime,1270,658,139,91,33,15,41,41,,,7617.091,7.655,,0,,0,
122151792938654483,61569634500241,"Juan365 Live Stream","Monday holds endless potential—grab it! Sobrang daming opportunities ang naghihintay para sa’yo, Juankada!💪🌞

#juanababes #juan365livestream #juan365",,0,"11/16/2025 20:30",N/A,https://www.facebook.com/juan365livestream/posts/pfbid0xjCrGHvK4wbNfTygLo55pjTETmEQh5b9ezNZ2TRnCGUT7zUburD3o9a8xNRu6b7cl,0,0,Photos,,,,,Lifetime,1453,719,162,97,47,18,45,42,3,,,,,,,,
122151786212654483,61569634500241,"Juan365 Live Stream","Tawagin na ang buong tropa—mas masaya ‘pag sama-sama ang JUANKADA! 💛🎥

📣 3:30 LIVE! Juana Babe Sena | Juana Babe Ashley  

#juanababes #juan365livestream #juan365 #juan36 #AllInJuanSaSaya",,0,"11/16/2025 18:08",N/A,https://www.facebook.com/juan365livestream/posts/pfbid0rZm2uj2rfyjZz6bxeU9ChT2WgfLKbjmhcKMjGoFrHazsDNy1Bsg5h9zExjPT1XFSl,0,0,Photos,,,,,Lifetime,2415,1085,212,137,54,21,82,72,10,,,,,,,,
122151756296654483,61569634500241,"Juan365 Live Stream","Celebrating all the winners today! 🎉
Keep the fun alive, play with heart, and stay responsible! 💖🎮

#juanababes #Juan365livestream #Juan365PH
#AllInJuanSaSaya #JuanKada #Juan365 #TheResponsibleJuan",,0,"11/16/2025 07:00",N/A,https://www.facebook.com/juan365livestream/posts/pfbid02CCAcha2fqUpeE9mECuzGAUEez5iRyQn7AK4HutwDwntscggBBhs6h7bErGe3N2DXl,0,0,Photos,,,,,Lifetime,1514,754,130,84,34,12,71,64,7,,,,,,,,
122151749834654483,61569634500241,"Juan365 Live Stream","Anong klaseng gamer ka, Juankada?  
Chill lang pero laging good vibes sa laro?, Competitive pero hindi nagpapadala sa init ng laro. 🤭
Or Responsible gamer na marunong mag-break at magpahinga — I-comment mo na yan at isama mo na rin ang game ID mo!

#juanababes #Juan365livestream #Juan365PH #JuanKada #Juan365",,0,"11/16/2025 05:00",N/A,https://www.facebook.com/juan365livestream/posts/pfbid05QuGgz8QDGbe9zzT6uvzjYL1gsypcJZTacoh43XDQ1eWRhBjGFjnEudZk8gHxLZFl,0,0,Photos,,,,,Lifetime,2122,1034,146,82,47,17,91,74,7,10,,,,,,,
122151742502654483,61569634500241,"Juan365 Live Stream","Imagine this song playing… tapos si Juanababe sena yung nakasalubong mo
Juankada😍

Anong first reaction mo?

Music used belongs to its rightful owner. No copyright infringement intended.
#juanababes #Juan365livestream #juan365","Imagine this song playing… tapos si Juanababe sena yung nakasalubong mo
Juankada😍

Anong first reaction mo?

Music used belongs to its rightful owner. No copyright infringement intended.
#juanababes #Juan365livestream #juan365",26,"11/16/2025 03:00",uploaded,https://www.facebook.com/juan365livestream/videos/803451495854008/,1,0,Videos,,,,,Lifetime,1229,561,131,89,25,17,54,54,,,9483.387,9.426,0,0,,0,
1206726251326910,61569634500241,"Juan365 Live Stream","Juanababe Sena,Zell and Ashley","Live na kami Juankada! Tara, join the convo with @[61580361006776:2048:Juana Babe Sena] @[61580479407070:2048:Juana Babe Zell] and @[61580337497087:2048:Juana Babe Ashley] 🔥

#juanababes #Juan365livestream #Juan365 #Juan365PH #AllInJuanSaSaya #JuanKada #TheResponsibleJuan #juantambayan",7186,"11/15/2025 23:30",uploaded,https://www.facebook.com/juan365livestream/videos/1206726251326910/,0,0,Live,,,,,Lifetime,9485,9879,5624,1107,3284,1233,777,773,,4,420686.637,56.719,0,0,,,
122151709382654483,61569634500241,"Juan365 Live Stream","Feeling bored? Laro muna sa Juan365 para ma-break ang monotony! Pero always remember: play responsibly para worry-free ang experience.

#juanababes #juan365livestream #juan365",,0,"11/15/2025 21:00",N/A,https://www.facebook.com/juan365livestream/posts/pfbid0RVdLsCjhS33HrD5We5NW5DKxx5DHRvdvs7vMnYNDG1QRQJtBQNcr5dYb4XMeWsUTl,0,0,Photos,,,,,Lifetime,2734,1216,165,101,44,20,75,65,10,,,,,,,,
122151703478654483,61569634500241,"Juan365 Live Stream","Feeling bored? Laro muna sa Juan365 para ma-break ang monotony! Pero always remember: play responsibly para worry-free ang experience.

#juanababes #juan365livestream #juan365",,0,"11/15/2025 19:00",N/A,https://www.facebook.com/juan365livestream/posts/pfbid0RY92fs6WnX9q1NJvxM62sgqbeD3mQcRy6A5yuqQMy3A51MMUtGwHCgy58ZzKYbnUl,0,0,Photos,,,,,Lifetime,1520,778,147,91,40,16,44,37,7,,,,,,1,,
122151697388654483,61569634500241,"Juan365 Live Stream","Ready na ang Juankada! 🧡

Live kasama sina Juana Babe Zell , Juana Babe Ashley , Juana Babe Sena— November 16, 3:30–5:30 PM! 

Don’t miss the fun! 🎥🎉

#juanababes #Juan365livestream #Juan365PH
#AllInJuanSaSaya #JuanKada #Juan365",,0,"11/15/2025 17:07",N/A,https://www.facebook.com/juan365livestream/posts/pfbid02gDyeWgmYUfuiRojNXwhoKRX766rWB9DKoZjQDxEDAaVz3famHaFtL1cBe5YEWaFzl,0,0,Photos,,,,,Lifetime,1817,822,172,112,39,21,54,49,5,,,,,,,,
122151673256654483,61569634500241,"Juan365 Live Stream","Celebrating all the winners today! 🎉🥂
Keep the fun alive, play with heart, and stay responsible! 💖🎮

#juanababes #Juan365livestream #Juan365PH
#AllInJuanSaSaya #JuanKada #Juan365 #TheResponsibleJuan",,0,"11/15/2025 07:01",N/A,https://www.facebook.com/juan365livestream/posts/pfbid0273obSeTHh51wQLuDjTrWgQXtuKVAWLCWQ672zs4eVXgq7phRn1uc5Ca8n1sd5jhFl,0,0,Photos,,,,,Lifetime,1812,937,147,82,48,17,75,69,6,,,,,,,,
122151664814654483,61569634500241,"Juan365 Live Stream","What is love? Yung effortless charm ni Juanababe Abi habang sumasayaw ✨

Anong next trend gusto niyong gawin ni Abi? Drop your suggestions below.

Music used belongs to its rightful owner. No copyright infringement intended.
#juanababes #Juan365livestream #juan365","What is love? Yung effortless charm ni Juanababe Abi habang sumasayaw ✨

Anong next trend gusto niyong gawin ni Abi? Drop your suggestions below.

Music used belongs to its rightful owner. No copyright infringement intended.
#juanababes #Juan365livestream #juan365",19,"11/15/2025 04:31",N/A,https://www.facebook.com/reel/845318697895548/,1,0,Reels,,,,,Lifetime,975,658,131,93,25,13,56,56,,,6501.633,8.367,,0,,0,
122151660608654483,61569634500241,"Juan365 Live Stream","Mas masaya ang laro kapag enjoy ka pero responsable rin. Laro lang, pero smart!

#juanababes #juan365livestream #juan365",,0,"11/15/2025 03:00",N/A,https://www.facebook.com/juan365livestream/posts/pfbid0LE4Hn8zHrapMEUkt8uFR43jpwf3SiHeSbC93pzBoUg11jTy89JnpdHG6YLp8w8ryl,0,0,Photos,,,,,Lifetime,1992,1000,169,91,55,23,104,97,7,,,,,,,,
1565565358157196,61569634500241,"Juan365 Live Stream","Tara na, Juankada! Live ulit tayo","Tara na, Juankada! Live ulit tayo kasama si @[61580479407070:2048:Juana Babe Zell] at @[61580361006776:2048:Juana Babe Sena]! Kwentuhan tayo 😄🔥 #JuanActOfCareAtATime

#juanababes #Juan365livestream #Juan365 #Juan365PH #AllInJuanSaSaya #JuanKada #TheResponsibleJuan #juantambayan",7660,"11/14/2025 23:31",uploaded,https://www.facebook.com/juan365livestream/videos/1565565358157196/,0,0,Live,,,,,Lifetime,8771,8737,7389,2551,3320,1518,682,682,,,376222.016,54.89,0,0,,,
122151632282654483,61569634500241,"Juan365 Live Stream","Alamin ang hangganan mo, Juankada! 😎 Play responsibly.

#juanababes #Juan365livestream #Juan365PH #AllInJuanSaSaya #JuanKada #Juan365",,0,"11/14/2025 21:00",N/A,https://www.facebook.com/juan365livestream/posts/pfbid02SFrdS4WFzTNyaEr8g95Jp52EZzmhTLPAdGAybcaDYQNoTGzXTPm5hVWiafZ8ww7al,0,0,Photos,,,,,Lifetime,1607,744,190,97,58,35,48,43,5,,,,,,,,
122151625622654483,61569634500241,"Juan365 Live Stream","Our family is growing — and we want you, Juankada! 🧡

#juanababes #Juan365livestream #Juan365PH
#AllInJuanSaSaya #JuanKada #Juan365",,0,"11/14/2025 19:00",N/A,https://www.facebook.com/juan365livestream/posts/pfbid07BZQXVaYszoRbNjUYweRqPChaSTfwTEBHFAroawjocj312x4eyuSDrgSZw2SfrYPl,0,0,Photos,,,,,Lifetime,2246,1061,256,117,98,41,115,106,9,,,,,,,,
122151620108654483,61569634500241,"Juan365 Live Stream","See you at 3:30PM. EveryJuan is welcome!🤩
Join us and enjoy the stream with Juana Babe Zell  & Juana Babe Sena!👯‍♀️

#juanababes #Juan365livestream #Juan365PH
#AllInJuanSaSaya #JuanKada #Juan365 #TheResponsibleJuan",,0,"11/14/2025 17:00",N/A,https://www.facebook.com/juan365livestream/posts/pfbid02CbeU19JDSKmZ14yDFEUyqHKZXaxhx5T8ihSCAHXRd4G9Qh9FtJQ3ZC8UsgAwUTZcl,0,0,Photos,,,,,Lifetime,1248,569,147,95,32,20,35,32,3,,,,,,,,
122151592148654483,61569634500241,"Juan365 Live Stream","Celebrating all the winners today! 🎉🥂
Keep the fun alive, play with heart, and stay responsible! 💖🎮
#juanababes #Juan365livestream #Juan365PH
#AllInJuanSaSaya #JuanKada #Juan365 #TheResponsibleJuan",,0,"11/14/2025 07:01",N/A,https://www.facebook.com/juan365livestream/posts/pfbid02pXhidRGKg8woybNUnJ3oVb8arLoawiLUqpBognxCGusp1qX4L4aapcvujGwh9Wehl,0,0,Photos,,,,,Lifetime,2061,1064,145,84,42,19,78,54,24,,,,,,,,
122151584534654483,61569634500241,"Juan365 Live Stream","Register na at be part of the fun, Juankada! 🎉

#juanababes #Juan365livestream #Juan365PH
#AllInJuanSaSaya #JuanKada #Juan365",,0,"11/14/2025 05:08",N/A,https://www.facebook.com/juan365livestream/posts/pfbid09H7Mb4bi9upezBG5qNhHahHWDceayZwv4exw9vxR3dPVZkBS49AzKMSzRGrhb8X9l,0,0,Photos,,,,,Lifetime,2098,1098,131,82,28,21,79,68,11,,,,,,,,
122151061904654483,61569634500241,"Juan365 Live Stream","What’s your status? 👀

In a relationship... with Juan365 🧡

Kasi dito, consistent ang good vibes! ✨

#juanababes #Juan365livestream 
#AllInJuanSaSaya #JuanKada #Juan365",,0,"11/08/2025 05:00",N/A,https://www.facebook.com/juan365livestream/posts/pfbid08A2A138w1Pc8UdXemFeKH8S4ofurVjTLYUoX7S39jDFsWtagJb11ZM2X2CBV5dbal,0,0,Photos,,,,,Lifetime,1575,744,150,76,55,19,79,67,12,,,,,,,
122151579422654483,61569634500241,"Juan365 Live Stream","Trap ON. Juanababes ON. Ready na ba kayo? 👀🔥 Share your version sa comments section Juankada! 

Music used belongs to its rightful owner. No copyright infringement intended.
#juanababes #Juan365livestream #Juan365 #Juan365PH  #JuanKada","Trap ON. Juanababes ON. Ready na ba kayo? 👀🔥 Share your version sa comments section Juankada! 

Music used belongs to its rightful owner. No copyright infringement intended.
#juanababes #Juan365livestream #Juan365 #Juan365PH  #JuanKada",24,"11/14/2025 04:01",N/A,https://www.facebook.com/reel/2255383391637162/,1,0,Reels,,,,,Lifetime,1390,714,136,97,23,16,89,89,,,13740.631,13.036,,0,,0
122151574202654483,61569634500241,"Juan365 Live Stream","Laro, saya, panalo — all in Juan!🌟

#juanababes #juan365livestream #juan365 #TheResponsibleJuan",,0,"11/14/2025 02:30",N/A,https://www.facebook.com/juan365livestream/posts/pfbid0avzJvD7EGAQZKGiFr6WCf7B7xjxJso6jiyhNb8HYoLFaBBXsvxfXVsDzAt9gvEkJl,0,0,Photos,,,,,Lifetime,1224,605,94,66,17,11,31,27,4,,,,,,,
1898610107387199,61569634500241,"Juan365 Live Stream","Juana babe Ashley","Jump in sa livestream ko Juankada With your @[61580337497087:2048:Juana Babe Ashley]! Usap tayo, guys 😄💬

#juanababes #Juan365livestream #Juan365 #Juan365PH #AllInJuanSaSaya #JuanKada #TheResponsibleJuan #juantambayan",8207,"11/13/2025 23:30",uploaded,https://www.facebook.com/juan365livestream/videos/1898610107387199/,0,0,Live,,,,,Lifetime,9826,9244,8497,1848,5055,1594,912,912,,,755361.446,106.358,0,0,,
122151540146654483,61569634500241,"Juan365 Live Stream","TGIF! 😎

Friday na — pahinga, kwentuhan, at konting thrill 

You know where the fun starts, Juankada 😉

#juanababes #Juan365livestream  #AllInJuanSaSaya #JuanKada #Juan365",,0,"11/13/2025 21:00",N/A,https://www.facebook.com/juan365livestream/posts/pfbid0qo6Nn4z8owRceBfGH7VDhRRBrbCn2QDByB6b6mzn7VwCNrx7BhdkgNHNFqwCJQhUl,0,0,Photos,,,,,Lifetime,2101,974,178,107,55,16,84,74,10,,,,,,,
122151531296654483,61569634500241,"Juan365 Live Stream","Countdown ON! ⏳ ABANGAN ang livestream kasama si Juana Babe Ashley — don’t blink, baka may ma-miss ka! 🫣

#juanababes #Juan365livestream #Juan365PH
#AllInJuanSaSaya #JuanKada #Juan365 #TheResponsibleJuan",,0,"11/13/2025 19:07",N/A,https://www.facebook.com/juan365livestream/posts/pfbid023LLGc213rkK2JuzM25xP94R1PCWN6iqnQ8o57JhxvcN7ZPpUwMNjcZ7w4ddd4Vvrl,0,0,Photos,,,,,Lifetime,2089,951,195,121,45,29,87,79,8,,,,,,,
122151492260654483,61569634500241,"Juan365 Live Stream","Celebrating all the winners today! 🎉🥂
Keep the fun alive, play with heart, and stay responsible! 💖🎮

#juanababes #Juan365livestream #Juan365PH
#AllInJuanSaSaya #JuanKada #Juan365 #TheResponsibleJuan",,0,"11/13/2025 07:00",N/A,https://www.facebook.com/juan365livestream/posts/pfbid02EyFYLWGFBYsLqfyVbRva3nMcBwVamsddMJ6hE2niatxeVnqri57EThZQZmUmS7krl,0,0,Photos,,,,,Lifetime,1768,828,143,81,44,18,92,66,26,,,,,,,
122151487982654483,61569634500241,"Juan365 Live Stream","Don’t wait — exciting games await! ✨

👀Visit www.juan365.com today!

#juanababes #juan365livestream #Juan365PH",,0,"11/13/2025 05:30",N/A,https://www.facebook.com/juan365livestream/posts/pfbid024vHevfVHYZQiruace1Q5Apf2hmVVrMU8YGko5zgnRKhEZbJEbr1xLjbFiTXJtnmal,0,0,Photos,,,,,Lifetime,2081,893,175,115,41,19,74,54,5,15,,,,,,
122151480314654483,61569634500241,"Juan365 Live Stream","Take it easy today, Juankada. Give yourself some love and rest!

#juanababes #juan365livestream #juan365 #TheResponsibleJuan",,0,"11/13/2025 03:30",N/A,https://www.facebook.com/juan365livestream/posts/pfbid0DhkhBLE5pmRDCGLpah7nTmiRMZh3TfrcTNWkz1GW9JTxkivKVGxm44Vh3muLbZD6l,0,0,Photos,,,,,Lifetime,1149,592,126,79,30,17,22,21,1,,,,,,,
2585976128441412,61569634500241,"Juan365 Live Stream","Juanababe Sena and Jam","LIVE na tayo mga Juankada! 🚀 Tara, samahan niyo kami ni@[61580395595183:2048:Juana Babe Jam]m and@[61580361006776:2048:Juana Babe Sena]a let’s make this stream epic!

#juanababes #Juan365livestream #Juan365 #Juan365PH #AllInJuanSaSaya #JuanKada #TheResponsibleJuan #juantambayan",7244,"11/12/2025 23:29",uploaded,https://www.facebook.com/juan365livestream/videos/2585976128441412/,0,0,Live,,,,,Lifetime,8644,7226,7145,1616,3469,2060,702,702,,,488337.45,77.464,0,0,,
122151448700654483,61569634500241,"Juan365 Live Stream","Anong laman ng puso mo today? Hugot, saya, o tawa — lahat welcome dito sa JUAN FREEDOM WALL 💬

Comment mo na at baka ma-feature ka sa next livestream! 🎥

#juanababes #Juan365livestream #Juan365PH #AllInJuanSaSaya #JuanKada #Juan365",,0,"11/12/2025 22:00",N/A,https://www.facebook.com/juan365livestream/posts/pfbid02uJ1EZQPEHgns2RmAZCnhyXvZBqnmMxRpvMEur7pJnGDaQDCQfGscoMsnmcd6QUZyl,0,0,Photos,,,,,Lifetime,2226,1061,198,101,75,22,96,90,6,,,,,,,
122151441056654483,61569634500241,"Juan365 Live Stream","You’re on the right track, Juankada! And every step you take is bringing you closer to your goals. Keep pushing — your hard work is paying off!

#juanababes #juan365livestream #juan365 #AllInJuanSaSaya",,0,"11/12/2025 20:00",N/A,https://www.facebook.com/juan365livestream/posts/pfbid0fU5N6SGJhnVAMBsQFwQc6Vi8zEYNmD1r7xr2CBmqh8bo7fTwBbxHTu2jPsQVrfmZl,0,0,Photos,,,,,Lifetime,1671,857,157,89,47,21,41,40,1,,,,,,,
122151431156654483,61569634500241,"Juan365 Live Stream","Afternoon chill with your favorite Juanababes starts at 3:30 PM ☁️✨ 

Don’t miss the fun, join the LIVE Juankada.🤗

Juana Babe Sena | Juana Babe Jam

#juanababes #Juan365livestream #AllInJuanSaSaya #JuanKada #Juan365",,0,"11/12/2025 17:00",N/A,https://www.facebook.com/juan365livestream/posts/pfbid02xyBZo1dJU1nDh5wNvKPcczGjC6vNrE5AtQ2VKqZm2XMvsH5iaxwyecQp9da76zXAl,0,0,Photos,,,,,Lifetime,1749,898,132,90,32,10,42,36,6,,,,,,,
122151400346654483,61569634500241,"Juan365 Live Stream","Congrats Juankada! 🤗
Keep it fun, keep it safe — play responsibly.🧡

#juanababes #Juan365livestream #Juan365PH
#AllInJuanSaSaya #JuanKada #Juan365 #TheResponsibleJuan",,0,"11/12/2025 07:00",N/A,https://www.facebook.com/juan365livestream/posts/pfbid02G4vNWfGrRSEU5zvVmgPhyVEWBCfVJfUyWNh94GdKnDRLTzk3fz7oVM1ZM9jhrtH7l,0,0,Photos,,,,,Lifetime,2226,1203,186,110,58,18,96,78,18,,,,,,,
122151395696654483,61569634500241,"Juan365 Live Stream","Feeling lucky today? 💸 Try mo na kay Juan365! Play responsibly, have fun, at i-enjoy ang bawat moment ng iyong game!

#juanababes #juan365livestream #juan365 #TheResponsibleJuan",,0,"11/12/2025 05:00",N/A,https://www.facebook.com/juan365livestream/posts/pfbid02VQ8QmYoDH54fF28jcS7KqUpeWiNdGSTt4ymvUSZ7QN2FD8ozJc8FXuPAheaC369Nl,0,0,Photos,,,,,Lifetime,1050,565,119,74,28,17,30,25,5,,,,,,,
122151390440654483,61569634500241,"Juan365 Live Stream","Warning: too hot to handle 🔥 A little mystery, a lot of power ⚡️

Music used belongs to its rightful owner. No copyright infringement intended.
#juanababes #Juan365livestream #Juan365PH #Juan365","Warning: too hot to handle 🔥 A little mystery, a lot of power ⚡️

Music used belongs to its rightful owner. No copyright infringement intended.
#juanababes #Juan365livestream #Juan365PH #Juan365",23,"11/12/2025 03:31",N/A,https://www.facebook.com/reel/1381693703584475/,1,0,Reels,,,,,Lifetime,3599,1059,544,310,114,120,74,74,,,24199.978,8.799,,0,,0
25272870839068486,61569634500241,"Juan365 Live Stream","Kapit lang mga sis! Stream na naman tayo","💄 Kapit lang mga sis! Stream na naman tayo — chikahan, tawan, at konting pa-slay lang 😉 wit@[61580479407070:2048:Juana Babe Zell]ll an@[61580337497087:2048:Juana Babe Ashley]ey ��

#juanababes #Juan365livestream #Juan365PH #Juan365 #AllInJuanSaSaya #JuanKada #TheResponsibleJuan #juantambayan",7555,"11/11/2025 23:30",uploaded,https://www.facebook.com/juan365livestream/videos/25272870839068486/,0,0,Live,,,,,Lifetime,10166,7704,7161,2033,3599,1529,921,921,,,589829.662,77.476,0,0,,
122151357056654483,61569634500241,"Juan365 Live Stream","Caught you smiling while watching🫣

Admit it — you watched twice😝

Music used belongs to its rightful owner. No copyright infringement intended.
#juanababes #Juan365livestream #Juan365PH #Juan365","Caught you smiling while watching🫣

Admit it — you watched twice😝

Music used belongs to its rightful owner. No copyright infringement intended.
#juanababes #Juan365livestream #Juan365PH #Juan365",12,"11/11/2025 20:00",N/A,https://www.facebook.com/reel/814800794737717/,1,0,Reels,,,,,Lifetime,1328,704,145,107,27,11,40,40,,,7619.65,7.681,,0,,0
122151346328654483,61569634500241,"Juan365 Live Stream","Good vibes, tawa, at chill moments lang! 🎊 DUO FOR FUN is da BEST — join na sa LIVE!🫰

Juana Babe Ashley | Juana Babe Zell⚡️

#juanababes #Juan365livestream
#AllInJuanSaSaya #JuanKada #Juan365",,0,"11/11/2025 17:00",N/A,https://www.facebook.com/juan365livestream/posts/pfbid0T6TRghuEPSrCZZ54CunHUPezHjmH7SRw4GH9d1aBiAfattJzXFzP5c4pQUuJMcCzl,0,0,Photos,,,,,Lifetime,2050,956,181,124,36,21,65,59,6,,,,,,,
122151322070654483,61569634500241,"Juan365 Live Stream","Celebrating all the winners today! 🎉🥂
Keep the fun alive, play with heart, and stay responsible! 💖🎮

#juanababes #Juan365livestream #Juan365PH
#AllInJuanSaSaya #JuanKada #Juan365 #theresponsiblejuan",,0,"11/11/2025 07:00",N/A,https://www.facebook.com/juan365livestream/posts/pfbid0319yXo5EYTsABvsyeXQQ9Dm3MvJtqhXU8haPB5Lkomfo14iVk9FWR64iMcX5KEX2dl,0,0,Photos,,,,,Lifetime,2293,1175,160,95,50,15,98,67,31,,,,,,,
122151314924654483,61569634500241,"Juan365 Live Stream","Peace of mind? Check. ✅ Funds mo, secure at laging ready kay Juan365!

#juanababes #Juan365livestream #Juan365PH #AllInJuanSaSaya #JuanKada #Juan365",,0,"11/11/2025 05:30",N/A,https://www.facebook.com/juan365livestream/posts/pfbid036em3dtwnDMQd8KUMnThA3MvyQEBbjaNNn18XvAohHva87ALiiF2WDrXwfYNVwrYDl,0,0,Photos,,,,,Lifetime,1403,681,139,81,35,23,30,28,2,,,,,,,
122151309986654483,61569634500241,"Juan365 Live Stream","Juankada 🎮🙌
Share your favorite challenging game and bakit?
Let’s find the crowd favorite!

#juanababes #Juan365livestream #Juan365PH #AllInJuanSaSaya #JuanKada #Juan365",,0,"11/11/2025 04:01",N/A,https://www.facebook.com/juan365livestream/posts/pfbid0ZdCPFZKdyM48BCoH5WLMqayaoYtGGNJdoFYyRhkKiLBuPqNbs1hv4TC1bAxKbS3Wl,0,0,Photos,,,,,Lifetime,1096,534,105,56,38,11,54,46,8,,,,,,,
122151306086654483,61569634500241,"Juan365 Live Stream","Don’t miss the fun, Juankada! 🎉

Follow our social media pages for updates, kwentuhan, and nonstop good vibes

#juanababes #Juan365livestream
#AllInJuanSaSaya #JuanKada #Juan365",,0,"11/11/2025 03:01",N/A,https://www.facebook.com/juan365livestream/posts/pfbid0wqYnCRvux3HN1NTZDr9coJWzrLStjz9aJAisXMJjHvAXtWYFqsgMGSBftgc2MrTvl,0,0,Photos,,,,,Lifetime,1020,480,63,46,10,7,16,15,1,,,,,,,
1312357803615307,61569634500241,"Juan365 Live Stream","Juana Babes assemble!","💋 Juana Babes assemble! Let’s vibe, laugh, and slay together — official good vibes only stream starts now! with@[61580395595183:2048:Juana Babe Jam]m �@[61580716220863:2048:Juana Babe Abi]bi 🌸 a@[61580479407070:2048:Juana Babe Zell]ell 💄

#juanababes #Juan365livestream #Juan365PH #Juan365 #AllInJuanSaSaya #JuanKada #TheResponsibleJuan #juantambayan",10715,"11/10/2025 23:00",uploaded,https://www.facebook.com/juan365livestream/videos/1312357803615307/,0,0,Live,,,,,Lifetime,9981,7132,9324,2905,4350,2069,774,774,,,862561.608,124.109,0,0,,
122151264500654483,61569634500241,"Juan365 Live Stream","Stay connected, Juankada! 💛

Follow our official social media pages para updated ka sa good vibes, latest happenings, at special surprises! ✨

#juanababes #Juan365livestream
#AllInJuanSaSaya #JuanKada #Juan365",,0,"11/10/2025 20:30",N/A,https://www.facebook.com/juan365livestream/posts/pfbid02kimgef5MRQ5af8EP6yt9DpgcodFqwpjGPjhxgwQ63K9LJj4R6GTocUF9B1p2Jpq5l,0,0,Photos,,,,,Lifetime,2495,1227,190,114,59,17,100,90,10,,,,,,,
122151256400654483,61569634500241,"Juan365 Live Stream","Missed mo ba kami? Kasi kami, sobra ka naming na-miss! 🥹
magbabalik ang saya ng Juan365livestream kasama ang mga JUANABABES! 💃🎤

📲 Kita-kits mamaya sa LIVE, Juankada!

#juanababes #Juan365livestream #Juan365PH
#AllInJuanSaSaya #JuanKada #Juan365 #TheResponsibleJuan",,0,"11/10/2025 18:27",N/A,https://www.facebook.com/juan365livestream/posts/pfbid0wKdBsfVZjjDXN1qD8jRBdTDspMhDuh5dWBvj3VnMYBQNURPMwz1abDnxzmH2gST3l,0,0,Photos,,,,,Lifetime,2052,945,219,119,77,23,124,115,8,1,,,,,,
122151213416654483,61569634500241,"Juan365 Live Stream","JUANKADA ROLL CALL!
Sino’ng solid followers natin d’yan? 💪
Let’s see sino ang pinaka-aktibo sa ating JuanKada🔥

#juanababes #Juan365livestream #Juan365PH
#AllInJuanSaSaya #JuanKada #Juan365 #TheResponsibleJuan",,0,"11/10/2025 05:08",N/A,https://www.facebook.com/juan365livestream/posts/pfbid0mQCPK3S9zqdG681zJ1Ccx6FYAXTQLbq4jwoLJxCchczPMuDdMRQqxc9L6nZvFDLRl,0,0,Photos,,,,,Lifetime,3925,1825,355,169,139,47,326,260,32,34,,,,,1,
122151206174654483,61569634500241,"Juan365 Live Stream","My face when the beat switched to ‘hey what’s goin’ on’👉😳

Wait—bakit ang cute ng switch??😝

#juanababes #juan365livestream #juan365","My face when the beat switched to ‘hey what’s goin’ on’👉😳

Wait—bakit ang cute ng switch??😝

#juanababes #juan365livestream #juan365",23,"11/10/2025 03:00",N/A,https://www.facebook.com/reel/1443248943857490/,1,0,Reels,,,,,Lifetime,1921,921,207,127,47,33,60,60,,,11605.518,7.453,,0,,0
122151205694654483,61569634500241,"Juan365 Live Stream","iPhone 17 Pro, CLAIMED by Juankda Ariel Adona! 🔥📱
Surpresa ni Juan—SOLID! Congratulations 🤩

#juanababes #Juan365livestream #Juan365PH
#AllInJuanSaSaya #JuanKada #Juan365PH #TheResponsibleJuan",,0,"11/10/2025 02:52",N/A,https://www.facebook.com/juan365livestream/posts/pfbid0tcoKbsLJSH1oAPHFPCYZ4J2txZoM3gVDBAZMS3qvxfQmrtLdc5EjhhdymgQRHfd3l,0,1,Videos,,,,,Lifetime,,486,112,80,32,0,31,31,,,,,,,,
122151200408654483,61569634500241,"Juan365 Live Stream","JUAN Guess the Word!
Kaya mo bang ayusin ‘to, Juankada? 👀
“ASJBENABAU” — ano kayang word ‘yan?

Comment mo ang sagot mo ⬇️
Baka ikaw pa ang unang makasagot nang tama! 💬✨

#juanababes #Juan365livestream #Juan365PH
#AllInJuanSaSaya #JuanKada #Juan365 #TheResponsibleJuan""",,0,"11/10/2025 01:00",N/A,https://www.facebook.com/juan365livestream/posts/pfbid027BZM4GgPSy9PEpDiwMhFsfHRLgTxk9RRvPDsbaeJXacbryB6ZnNsgqhNb7cdBJUJl,0,0,Photos,,,,,Lifetime,4578,2204,284,128,139,17,282,263,19,,,,,,,
122151188924654483,61569634500241,"Juan365 Live Stream","Paldo goals unlocked this Monday! 💸
Simula pa lang ng linggo, umaapaw na ang swerte, Juankada! 🔥
Claim mo na ‘yan — baka ikaw na next! 💰🙌

#juanababes #Juan365livestream #Juan365PH
#AllInJuanSaSaya #JuanKada #Juan365 #TheResponsibleJuan",,0,"11/09/2025 22:00",N/A,https://www.facebook.com/juan365livestream/posts/pfbid09JChR69TSNhLw6wydAC5Le7EsVfJTvhSrSbUJH5Lfq93VpC9brKULaJwcXmVcjXGl,0,0,Photos,,,,,Lifetime,2503,1337,196,99,71,26,96,80,16,,,,,,1,
122151182552654483,61569634500241,"Juan365 Live Stream","✅ Awareness saves lives.
Start with being ready Juankada.Stay safe everyJuan🙏

#Juan365livestream #Juan365 #juanababes",,0,"11/09/2025 20:08",N/A,https://www.facebook.com/juan365livestream/posts/pfbid024TrnHcqpt5u6ejTKYBW6VLEYtPFHYZkMMfT3sdiQXzyTrknDKGDLwEFSmLJVyh3hl,0,1,Photos,,,,,Lifetime,890,488,103,76,16,11,28,23,5,,,,,,,
122151178364654483,61569634500241,"Juan365 Live Stream","Bagyo alert! ⚠️
Huwag kalimutang maghanda—bago, habang at pagkatapos ng bagyo. 🌧💙”

#juanababes #Juan365livestream #AllInJuanSaSaya #JuanKada #Juan365",,0,"11/09/2025 19:08",N/A,https://www.facebook.com/juan365livestream/posts/pfbid02QhecftjWztTtrf1KiBptXyyf8yXXcTDnG3oh8EXMpMyLcPyxCT1bdcGDKHPqCwmol,0,0,Photos,,,,,Lifetime,1049,548,102,75,18,9,16,12,4,,,,,,1,
122151132530654483,61569634500241,"Juan365 Live Stream","Stay dry, stay safe, stay ready. ☔️💛
Emergency kit is a must this rainy season!

#juanababes #Juan365livestream #Juan365PH
#AllInJuanSaSaya #JuanKada #Juan365 #TheResponsibleJuan",,0,"11/09/2025 05:00",N/A,https://www.facebook.com/juan365livestream/posts/pfbid02mfbRPAK7dGFu8kDWP4FhLkmG8aEuH2ArsLouyENQxGjJ8Nmdv16rey6kQs98Dd3Kl,0,0,Photos,,,,,Lifetime,1420,782,127,88,23,16,35,33,2,,,,,,1,
122151126014654483,61569634500241,"Juan365 Live Stream","Ang sikreto sa masayang paglalaro? 🎮
👉 BALANCE!
Sino dito marunong magpahinga after maglaro? Comment “ME” kung ikaw ’yan! 😎

#juanababes #Juan365livestream #Juan365PH
#AllInJuanSaSaya #JuanKada #Juan365 #TheResponsibleJuan",,0,"11/09/2025 03:00",N/A,https://www.facebook.com/juan365livestream/posts/pfbid02YP1RkNYStZcaiuTGfC2aAurcNKbAR6eKimQur6Z6cpxYyX2sq7uubBM63d97iSncl,0,0,Photos,,,,,Lifetime,1738,852,182,103,66,13,89,83,6,,,,,,,
122151115262654483,61569634500241,"Juan365 Live Stream","☁️✨ Stream paused, cuteness not cancelled 💛 stay tuned!

#juanababes #juan365livestream #juan365","☁️✨ Stream paused, cuteness not cancelled 💛 stay tuned!

#juanababes #juan365livestream #juan365",10,"11/08/2025 23:01",N/A,https://www.facebook.com/reel/2194926477661170/,0,0,Reels,,,,,Lifetime,2497,923,164,118,32,14,72,72,,,9096.237,4.861,,0,,0
122151110114654483,61569634500241,"Juan365 Live Stream","🧩 JUANuzzle Time!
Kaya mo bang hulaan, Juankada?
I-comment mo na ang sagot mo bago maunahan ng iba! 👀

Clue: Lagi mo silang inaabangan at 2 beses mo silang napapanood

#juanababes #Juan365livestream #Juan365PH
#AllInJuanSaSaya #JuanKada #Juan365 #TheResponsibleJuan",,0,"11/08/2025 21:31",N/A,https://www.facebook.com/juan365livestream/posts/pfbid0d2DEPwDxustE7VF3QyAo67y6j9BYuc22v34h4zKWagJj1mkQ9CtwZqW83coxVWevl,0,0,Photos,,,,,Lifetime,2881,1349,343,127,156,60,249,234,15,,,,,,,
122151102284654483,61569634500241,"Juan365 Live Stream","Livestream postponed! ⚠️
Stay safe Juankada. Kita-kits sa susunod na stream! 💛

#juanababes #Juan365livestream #AllInJuanSaSaya #JuanKada #Juan365",,0,"11/08/2025 18:42",N/A,https://www.facebook.com/juan365livestream/posts/pfbid0256fQHvBsjxTnmFaVDoQFfprBrCTAN2G3xuYUTyzFUxvTBNYbE7BiTbhnA4gRGooCl,0,0,Photos,,,,,Lifetime,4108,1487,364,228,87,49,99,90,8,1,,,,,,
122151068636654483,61569634500241,"Juan365 Live Stream","Big congrats to the winners! 🥳
Play for fun, stay responsible, and keep the good vibes rolling! 🎮✨
#juanababes #Juan365livestream #Juan365PH
#AllInJuanSaSaya #JuanKada #Juan365 #theresponsiblejuan",,0,"11/08/2025 07:01",N/A,https://www.facebook.com/juan365livestream/posts/pfbid0Ry3FPJpEJ3LzSMrmYuHKQY5fCvJs1p9WyrH8SpdWxgS2gmyBaxLq7reQuDwxtpN6l,0,0,Photos,,,,,Lifetime,2038,1069,144,81,42,21,80,55,25,,,,,,,
