"Post ID","Page ID","Page name",Title,Description,"Duration (sec)","Publish time","Caption type",Permalink,"Is crosspost","Is share","Post type",Languages,"Custom labels","Funded content status","Data comment",Date,Views,Reach,"Reactions, Comments and Shares",Reactions,Comments,Shares,"Seconds viewed","Average Seconds viewed","Estimated earnings (USD)","Total clicks","Other Clicks","Link Clicks","Matched Audience Targeting Consumption (Photo Click)","Approximate content monetization earnings","Negative feedback from users: Hide all","Negative feedback from users: Hide"
122154362828762707,61572881214141,Juan365,"Flex mo na 'yan!

Huwag pahuli—join the fun with Juan! Message us to guide you, Juankada 🧑‍🌾🎉

#Juan365 #Juan365PH #AllInJuanSaSaya #JuanKada",,0,"09/08/2025 00:00",N/A,https://www.facebook.com/Juan365officialpage/posts/pfbid0BEgrqNF7yjiVQNATTdbYAA2dTUENRCAaSNztKARxajGhtxm3wKJYAjxJCPtxP23fl,0,0,Photos,,,,,Lifetime,57225,28559,1753,612,728,413,,,,1058,924,14,120,0.6,1,1
122158766120762707,61572881214141,Juan365,"Start October right! Download mo na ang Juan365 App today!

Huwag pahuli—join the fun with Juan! Message us to guide you, Juankada 🧑‍🌾🎉

#Juan365 #Juan365PH #AllInJuanSaSaya #JuanKada",,0,"09/30/2025 21:30",N/A,https://www.facebook.com/Juan365officialpage/posts/pfbid0QLgSLVoefXHXxHr3SHa9rsvQncwMQCyc8UAGYapmwpWFUFE3ZZttwjzuzdGoWZo5l,0,0,Photos,,,,,Lifetime,30860,18967,503,269,181,53,,,,477,372,34,71,0.51,4,1
122158758692762707,61572881214141,Juan365,"Kasama sa aming panalangin ang mga Cebuano at lahat ng naapektuhan ng lindol.

Stay Safe!

#Juan365  #Juan365PH",,0,"09/30/2025 20:37",N/A,https://www.facebook.com/Juan365officialpage/posts/pfbid024MxfJyAhEJriSMTKRGQa128P5D46mGyJLv9mkwF6hDP8HVu78pzVTt5tzGVF4EP6l,0,0,Photos,,,,,Lifetime,27892,16214,476,344,57,75,,,,260,195,,65,0.35,4,1
122158732802762707,61572881214141,Juan365,"Let’s start October the smart way, Juankada! Stay safe, stay smart, stay responsible

Huwag pahuli—join the fun with Juan! Message us to guide you, Juankada 🧑‍🌾🎉

#Juan365 #Juan365PH #AllInJuanSaSaya #JuanKada",,0,"09/30/2025 17:00",N/A,https://www.facebook.com/Juan365officialpage/posts/pfbid02fbwHt6ncbXgnydeRe3x1H1aZJRXiPTJwiNmGqd6pPidna7g1chsGeR2B1GTVM524l,0,0,Photos,,,,,Lifetime,26850,15333,468,274,148,46,,,,374,308,20,46,0.41,2,2
122158646264762707,61572881214141,Juan365,"Goodbye September!  Juankada, masaya ba or nakaka-stress? Share your biggest lesson from September 🙂😇

Huwag pahuli—join the fun with Juan! Message us to guide you, Juankada 🧑‍🌾🎉

#Juan365 #Juan365PH #AllInJuanSaSaya #JuanKada",,0,"09/30/2025 07:00",N/A,https://www.facebook.com/Juan365officialpage/posts/pfbid02K7QLpU1M9eZfYcmNwJDbnAR9hf147HDbwx1gsvrnh2wFryTkeuKWmnQg7s3GqQfvl,0,0,Photos,,,,,Lifetime,35483,20070,629,367,216,46,,,,516,446,,70,0.47,4,1
122158611476762707,61572881214141,Juan365,"Congratulations sa 10 lucky Juankada! Enjoy your 100 FREE Juan365 Credits!
Follow Juan365 para updated ka sa mga susunod na ganap!

#Juan365 #Juan365PH #AllInJuanSaSaya #JuanKada","Congratulations sa 10 lucky Juankada! Enjoy your 100 FREE Juan365 Credits!
Follow Juan365 para updated ka sa mga susunod na ganap!

#Juan365 #Juan365PH #AllInJuanSaSaya #JuanKada",13,"09/30/2025 04:01",N/A,https://www.facebook.com/Juan365officialpage/videos/1700398400644272/,1,0,Videos,,,,,Lifetime,34265,29314,777,515,217,45,84842.951,2.813,0,684,683,1,,0.04,,
122158601342762707,61572881214141,Juan365,"Sige nga, Juankada… itapat mo kung kaya mo! I-comment na sa baba kasama ang User ID mo!

Huwag pahuli—join the fun with Juan! Message us to guide you, Juankada 🧑‍🌾🎉

#Juan365 #Juan365PH #AllInJuanSaSaya #JuanKada","Sige nga, Juankada… itapat mo kung kaya mo! I-comment na sa baba kasama ang User ID mo!

Huwag pahuli—join the fun with Juan! Message us to guide you, Juankada 🧑‍🌾🎉

#Juan365 #Juan365PH #AllInJuanSaSaya #JuanKada",10,"09/30/2025 03:00",N/A,https://www.facebook.com/Juan365officialpage/videos/1332523765320007/,1,0,Videos,,,,,Lifetime,191957,160483,3245,1887,1179,179,511118.843,3.118,0,2499,2495,4,,0.04,,
122158540814762707,61572881214141,Juan365,"Huwag na mahiya, i-comment mo na, Juankada!

Huwag pahuli—join the fun with Juan! Message us to guide you, Juankada 🧑‍🌾🎉

#Juan365 #Juan365PH #AllInJuanSaSaya #JuanKada",,0,"09/30/2025 00:00",N/A,https://www.facebook.com/Juan365officialpage/posts/pfbid02AhfsDMMs3vSnNL1EwpavKbQc6GCePC9WRi85QTbRdPRp2rzeef8mn7MSkoW97Nbul,0,0,Photos,,,,,Lifetime,38167,21790,464,234,211,19,,,,651,567,,84,0.52,2,1
122158520126762707,61572881214141,Juan365,"Juankada, na-download mo na ba?
iOS & Android ready na — don’t miss your bonus up to 500!

Huwag pahuli—join the fun with Juan! Message us to guide you, Juankada 🧑‍🌾🎉

#Juan365 #Juan365PH #AllInJuanSaSaya #JuanKada","Juankada, na-download mo na ba?
iOS & Android ready na — don’t miss your bonus up to 500!

Huwag pahuli—join the fun with Juan! Message us to guide you, Juankada 🧑‍🌾🎉

#Juan365 #Juan365PH #AllInJuanSaSaya #JuanKada",11,"09/29/2025 21:30",N/A,https://www.facebook.com/Juan365officialpage/videos/782273584693511/,1,0,Videos,,,,,Lifetime,29494,26668,502,308,156,38,63420.956,2.474,0,437,435,2,,0.02,,
122158458872762707,61572881214141,Juan365,"It’s that time again… Extra saya, extra laro — pero always stay in control, Juankada.

Download the Juan365 app & join the fun, Juankada! Message us to guide you! 🧡

#Juan365 #Juan365PH #AllInJuanSaSaya #JuanKada",,0,"09/29/2025 17:01",N/A,https://www.facebook.com/Juan365officialpage/posts/pfbid02SakPneo4vDj8pSyCAJMqaR7kT2n167eUPxkHJRSrkNP1azZ2kJVswEJLsHJkx5kPl,0,0,Photos,,,,,Lifetime,41190,22420,419,249,129,41,,,,1446,658,641,147,0.59,3,2
122158387856762707,61572881214141,Juan365,"Hindi kailangan ng streak para tawaging panalo.
Know your limits, protect your peace. 
Responsible gaming, everyJUAN!

Huwag pahuli—join the fun with Juan! Message us to guide you, Juankada 🧑‍🌾🎉

#Juan365  #Juan365PH  #AllInJuanSaSaya  #JuanKada  #TheResponsibleJuan",,0,"09/29/2025 07:00",N/A,https://www.facebook.com/Juan365officialpage/posts/pfbid02YmBDb3UVfjAsJjW7ectwnDXjeqUoivV8a1TQgNYBxPMPCrK8r7EfTYXS1HH6jas4l,0,0,Photos,,,,,Lifetime,30473,17627,337,204,108,25,,,,628,404,127,97,0.37,4,3
122158353608762707,61572881214141,Juan365,"Gusto mo rin? Save mo na at gawing wallpaper, tapos flex mo dito, Juankada!

Huwag pahuli—join the fun with Juan! Message us to guide you, Juankada 🧑‍🌾🎉

#Juan365  #Juan365PH  #AllInJuanSaSaya  #JuanKada",,0,"09/29/2025 03:10",N/A,https://www.facebook.com/Juan365officialpage/posts/pfbid02aQBwC8TKWeVD1H18dMDjQAAkijMv7PEkk6FQpv5yR8EJvUVVsic94sgUakvFZgoml,0,0,Photos,,,,,Lifetime,28280,15310,372,220,129,23,,,,459,340,,119,0.29,5,2
122158328696762707,61572881214141,Juan365,"Saan nga ba ang tamang daan para makarating kay Juan?

Huwag pahuli—join the fun with Juan! Message us to guide you, Juankada 🧑‍🌾🎉

#Juan365  #Juan365PH  #AllInJuanSaSaya  #JuanKada",,0,"09/29/2025 00:00",N/A,https://www.facebook.com/Juan365officialpage/posts/pfbid02XwnA1rHCvCWKofxUdBmXZP4EHxE9ifCcbo4u6kfwmZqbf4FyLADPhGpEPFCZP2b6l,0,0,Photos,,,,,Lifetime,34476,19151,703,311,341,51,,,,1166,927,,239,0.38,1,1
122158322366762707,61572881214141,Juan365,"Congratulations sa 10 lucky Juankada! Enjoy your 100 FREE Juan365 Credits!
Follow Juan365 para updated ka sa mga susunod na ganap!
#Juan365 #Juan365PH #AllInJuanSaSaya #JuanKada","Congratulations sa 10 lucky Juankada! Enjoy your 100 FREE Juan365 Credits!
Follow Juan365 para updated ka sa mga susunod na ganap!
#Juan365 #Juan365PH #AllInJuanSaSaya #JuanKada",10,"09/28/2025 23:07",N/A,https://www.facebook.com/Juan365officialpage/videos/1499200327775857/,0,0,Videos,,,,,Lifetime,58498,51051,1014,696,266,52,157926.803,3.167,0,995,994,1,,0.04,,
122158302764762707,61572881214141,Juan365,"Dami nating laro, pero ano ang number 1 sa’yo, Juankada?
Let us know!

Huwag pahuli—join the fun with Juan! Message us to guide you, Juankada 🧑‍🌾🎉

#Juan365  #Juan365PH  #AllInJuanSaSaya  #JuanKada","Dami nating laro, pero ano ang number 1 sa’yo, Juankada?
Let us know!

Huwag pahuli—join the fun with Juan! Message us to guide you, Juankada 🧑‍🌾🎉

#Juan365  #Juan365PH  #AllInJuanSaSaya  #JuanKada",10,"09/28/2025 21:30",N/A,https://www.facebook.com/Juan365officialpage/videos/682119367681075/,1,0,Videos,,,,,Lifetime,10847,9306,478,260,181,37,32526.451,3.698,0,448,448,,,0,,
122158269992762707,61572881214141,Juan365,"This or That – alin ang pipiliin mo, Juankada?

Huwag pahuli—join the fun with Juan! Message us to guide you, Juankada 🧑‍🌾🎉

#Juan365 #Juan365PH #AllInJuanSaSaya #JuanKada",,0,"09/28/2025 17:00",N/A,https://www.facebook.com/Juan365officialpage/posts/pfbid02vek7FpdS8HsiSpp9d4sMYJPF5ULkx9dJyw9NpHaG1rGP3tRUNECw1PQa255LEucfl,0,0,Photos,,,,,Lifetime,38072,20915,838,380,393,65,,,,865,764,1,100,0.58,4,3
122158202426762707,61572881214141,Juan365,"The Juan365 App is here on iOS & Android! Download and claim your bonus up to 500 today, Juankada!

Huwag pahuli—join the fun with Juan! Message us to guide you! 🧑‍🌾🎉

#Juan365 #Juan365PH #AllInJuanSaSaya #JuanKada","The Juan365 App is here on iOS & Android! Download and claim your bonus up to 500 today, Juankada!

Huwag pahuli—join the fun with Juan! Message us to guide you! 🧑‍🌾🎉

#Juan365 #Juan365PH #AllInJuanSaSaya #JuanKada",8,"09/28/2025 07:01",N/A,https://www.facebook.com/Juan365officialpage/videos/649190278267712/,1,0,Videos,,,,,Lifetime,27398,21414,708,362,286,60,66059.735,2.897,0,633,633,,,0,,
122158167224762707,61572881214141,Juan365,"Game na ulit, Juankada! 🏀

Tutukan ang Golden Season ng PBA — 50 taon ng alamat, karangalan at aksyon sa loob ng hardcourt. 🙌✨

Excited na ba kayo? Anong team ang susuportahan niyo this season? Comment niyo naman yan! 🤩

#Juan365  #Juan365PH  #AllInJuanSaSaya  #JuanSports",,0,"09/28/2025 03:00",N/A,https://www.facebook.com/Juan365officialpage/posts/pfbid0qdbEAjQSXNYdGqKgYDYGu1WrQdHzK6Lh734y1XXkS6iw8JPxHTtNb8EwdfbAcK4Wl,0,0,Photos,,,,,Lifetime,29915,17400,496,271,189,36,,,,474,415,,59,0.31,1,1
122158140422762707,61572881214141,Juan365,"Hanggang 1.5% rebate araw-araw sa Juan365 sa lahat ng laro!! I-claim ang rewards tuwing 2PM sa Event Page.

Huwag pahuli—join the fun with Juan! Message us to guide you, Juankada 🧑‍🌾🎉

#Juan365  #Juan365PH  #AllInJuanSaSaya  #JuanKada","Hanggang 1.5% rebate araw-araw sa Juan365 sa lahat ng laro!! I-claim ang rewards tuwing 2PM sa Event Page.

Huwag pahuli—join the fun with Juan! Message us to guide you, Juankada 🧑‍🌾🎉

#Juan365  #Juan365PH  #AllInJuanSaSaya  #JuanKada",10,"09/28/2025 00:00",N/A,https://www.facebook.com/Juan365officialpage/videos/848514374413144/,1,0,Videos,,,,,Lifetime,7509,7065,398,263,97,38,25341.528,4.157,0,136,134,2,,0,,
122158120388762707,61572881214141,Juan365,"Juankada! Alam mo ba kung magkano ang sign-up bonus ni Juan? 👀 Comment your guess below! 👇

Huwag pahuli—join the fun with Juan! Message us to guide you, Juankada 🧑‍🌾🎉

#Juan365 #Juan365PH #AllInJuanSaSaya #JuanKada",,0,"09/27/2025 21:30",N/A,https://www.facebook.com/Juan365officialpage/posts/pfbid02FtsYzJvHViH2rowWZBkJxz87xSALWnpNUZ3wZG4GB3ihB69X8jBuPE46hCfRff5el,0,0,Photos,,,,,Lifetime,55714,31572,705,321,335,49,,,,935,809,1,125,0.87,7,6
122158089788762707,61572881214141,Juan365,"Eyes on the prize! Bilugan mo na ang mga naiiba, Juankada!

#Juan365  #Juan365PH  #AllInJuanSaSaya  #JuanKada  #GforEveryJuan",,0,"09/27/2025 17:00",N/A,https://www.facebook.com/Juan365officialpage/posts/pfbid02YZi6xXb4MC5r9M2Pr4wVfixMmTkvxLEEJqJptdhWYN7t7wdvjSstnuHxcDE7v6pKl,0,0,Photos,,,,,Lifetime,67344,37084,919,381,462,76,,,,2976,2297,,679,0.83,7,4
122158022690762707,61572881214141,Juan365,"Ingat sa scammers, Juankada! 🚫 Huwag basta-basta magtiwala online.

#Juan365 #Juan365PH #AllInJuanSaSaya #JuanKada #JuanAlert",,0,"09/27/2025 07:00",N/A,https://www.facebook.com/Juan365officialpage/posts/pfbid02rLsVQ7o61uTPLAc2SqVk2EPasDFzqfS1K7zVyqfCfTrG1scDJAevuB4f26c4EbS1l,0,0,Photos,,,,,Lifetime,36859,21166,456,246,178,32,,,,618,536,,82,0.47,4,2
122157956162762707,61572881214141,Juan365,"Ocean eyes? Kami, kay Juan lang talaga may eyes 👀💙✨

Don’t miss out — download the Juan365 app & join the fun, Juankada! 🎉🔥

#Juan365 #Juan365PH #AllInJuanSaSaya #JuanKada",,0,"09/27/2025 00:00",N/A,https://www.facebook.com/Juan365officialpage/posts/pfbid0g2jBp6NWvrsvoRQcKXz5G1rhfsaHR3LQfY3Yma74m8A7n1b3gGNirao6Chb8JVRQl,0,0,Photos,,,,,Lifetime,75007,41560,866,393,439,34,,,,1495,1325,,170,0.92,4,3
122157936434762707,61572881214141,Juan365,"Ikaw ba ‘yan, Juankada? 👀

Kung isa ka sa mga nanalo kay Juan365, flex mo naman yan sa comments! 🙌

Huwag pahuli—join the fun with Juan! Message us to guide you, Juankada 🧑‍🌾🎉

#Juan365  #Juan365PH  #AllInJuanSaSaya  #JuanKada",,0,"09/26/2025 21:30",N/A,https://www.facebook.com/Juan365officialpage/posts/pfbid02JmRBmNtbFw8CbhR5sTuo2gPwxnm7WVuX6BLvet5oLYeJQBFzSeZwvov6hPFFcH2Wl,0,0,Photos,,,,,Lifetime,43293,24182,635,294,308,33,,,,1003,901,,102,0.56,1,3
122157905198762707,61572881214141,Juan365,"Anong mood mo today, JuanKada? 😍😎😂 Comment mo nga sa baba kung ano mood mo ngayon!

Huwag pahuli—join the fun with Juan! Message us to guide you, Juankada 🧑‍🌾🎉

#Juan365  #Juan365PH  #AllInJuanSaSaya  #JuanKada","Anong mood mo today, JuanKada? 😍😎😂 Comment mo nga sa baba kung ano mood mo ngayon!

Huwag pahuli—join the fun with Juan! Message us to guide you, Juankada 🧑‍🌾🎉

#Juan365  #Juan365PH  #AllInJuanSaSaya  #JuanKada",6,"09/26/2025 17:00",N/A,https://www.facebook.com/Juan365officialpage/videos/1319987159527055/,1,0,Videos,,,,,Lifetime,44545,34142,962,553,348,61,96722.282,2.716,0,698,636,62,,0.01,,
122157845420762707,61572881214141,Juan365,"Handa ka na ba kung may sakuna? 🎒
Siguraduhin na kumpleto ang Go Bag mo — tubig, pagkain, flashlight, first aid kit at iba pa.
Stay safe and ready, JuanKada! 💪

#Juan365 #Juan365PH #JuanKada",,0,"09/26/2025 07:00",N/A,https://www.facebook.com/Juan365officialpage/posts/pfbid0358JHG2h2icU4CgBKqetpYqSZwmdvoPNwr3XeCFmndw1uNg4aN593qWhdhFBdQbQRl,0,0,Photos,,,,,Lifetime,24708,14329,382,236,116,30,,,,295,253,1,41,0.26,,
122157809330762707,61572881214141,Juan365,"Pag gusto mo ng saya at swerte in one game… anong game kaya ito?

Huwag pahuli—join the fun with Juan! Message us to guide you, Juankada 🧑‍🌾🎉

#Juan365  #Juan365PH  #AllInJuanSaSaya  #JuanKada  #GforEveryJuan","Pag gusto mo ng saya at swerte in one game… anong game kaya ito?

Huwag pahuli—join the fun with Juan! Message us to guide you, Juankada 🧑‍🌾🎉

#Juan365  #Juan365PH  #AllInJuanSaSaya  #JuanKada  #GforEveryJuan",10,"09/26/2025 03:01",N/A,https://www.facebook.com/Juan365officialpage/videos/1310417107130953/,1,0,Videos,,,,,Lifetime,36197,29821,889,419,398,72,79715.624,2.512,0,763,763,,,0,,
122157777506762707,61572881214141,Juan365,"Invite your tropa, let’s grow the JuanKada — like & follow us on Facebook para di ka mahuli sa saya!

Huwag pahuli—join the fun with Juan! Message us to guide you, Juankada 🧑‍🌾🎉

#Juan365 #Juan365PH #AllInJuanSaSaya  #JuanKada",,0,"09/26/2025 00:00",N/A,https://www.facebook.com/Juan365officialpage/posts/pfbid021vRZCK2n4hCkNwpnhix2t4RPy72N7bAoHrXcnTsTeBszhqVxeKr2TeEWiZCkA6Egl,0,0,Photos,,,,,Lifetime,30373,16940,493,261,170,62,,,,526,408,14,104,0.36,2,4
122157749696762707,61572881214141,Juan365,"Pa-Christmas na agad, JuanKada! Sundin lang ang mechanics

Masaya ang Pasko kapag ______

1️⃣ Like and follow Juan365 
2️⃣ Invite your friends to follow our Page
3️⃣ Share this post on your timeline
4️⃣ Comment your Juan365 User ID below and attach a screenshot showing na nagawa mo ang steps above (Like and follow + Share + Invite)",,0,"09/25/2025 21:00",N/A,https://www.facebook.com/Juan365officialpage/posts/pfbid0sQU2meN93n1xfWYg5Fgxkn82kAkHh8MqFZ3PQhSp1E6TGikbatb7FWWf6eEag3val,0,0,Photos,,,,,Lifetime,34963,19245,790,300,338,152,,,,598,499,2,97,0.45,,3
122157719108762707,61572881214141,Juan365,"Catch the thrill, feel the vibes, and enjoy the treasures waiting for you.
Experience the Juanderful play only at Juan365!

Huwag pahuli—join the fun with Juan! Message us to guide you, Juankada 🧑‍🌾🎉

#Juan365  #Juan365PH  #AllInJuanSaSaya  #JuanKada #GforEveryJuan","Catch the thrill, feel the vibes, and enjoy the treasures waiting for you.
Experience the Juanderful play only at Juan365!

Huwag pahuli—join the fun with Juan! Message us to guide you, Juankada 🧑‍🌾🎉

#Juan365  #Juan365PH  #AllInJuanSaSaya  #JuanKada #GforEveryJuan",11,"09/25/2025 17:00",mixed,https://www.facebook.com/Juan365officialpage/videos/1566449528014166/,1,0,Videos,,,,,Lifetime,45166,38934,805,410,346,49,112386.615,2.854,0,687,687,,,0.01,,
122157661676762707,61572881214141,Juan365,"📣 BancNet Advisory from GCash

Hi Juankada! 

Magkakaroon ng system maintenance ang BancNet (Gcash) sa Friday, September 26, 2025, from 12:00 AM to 1:00 AM.

⏳ During this time, hindi muna available ang mga sumusunod sa GCash app:

-Bank Transfer

-Cash-In via InstaPay

-Payments via QRPH

✅ Pwede pa rin kayong magpadala ng pera via Express Send at gamitin ang GCash Card for transactions.

📅 Planuhin na ang transactions ahead of time para iwas abala.

Kung may ibang concern, contact lang sa GCash Help Center or hotline.

#Juan365 #MaintenanceUpdate #QuickFixOnly #TheResponsibleJuan #AllInJuanSaSaya 

Thank you for your understanding!",,0,"09/25/2025 08:44",N/A,https://www.facebook.com/Juan365officialpage/posts/pfbid02sKYw5JW7qacdgv38MGufwc1d9urRVaHwxMEZEFmGMZqvJMPd76ZBEFfk4deYdnX7l,0,0,Photos,,,,,Lifetime,24827,14869,249,142,75,32,,,,339,272,34,33,0.1,2,2
122157648284762707,61572881214141,Juan365,"Safety First, JuanKada!
Kahit gaano ka-busy, stop muna at pumasok sa ligtas na lugar. Alagaan ang sarili at ang pamilya

#Juan365  #Juan365PH  #AllInJuanSaSaya  #JuanKada","Safety First, JuanKada!
Kahit gaano ka-busy, stop muna at pumasok sa ligtas na lugar. Alagaan ang sarili at ang pamilya

#Juan365  #Juan365PH  #AllInJuanSaSaya  #JuanKada",11,"09/25/2025 07:01",N/A,https://www.facebook.com/Juan365officialpage/videos/1319702559692854/,1,0,Videos,,,,,Lifetime,19158,16423,320,218,65,37,41435.082,2.427,0,103,103,,,0,,
122157584516762707,61572881214141,Juan365,"Diretso, mabilis, at walang patumpik-tumpik—Money Come para sa instant saya!

Huwag pahuli—join the fun with Juan! Message us to guide you, Juankada 🧑‍🌾🎉

#Juan365  #Juan365PH  #AllInJuanSaSaya  #JuanKada  #GforEveryJuan","Diretso, mabilis, at walang patumpik-tumpik—Money Come para sa instant saya!

Huwag pahuli—join the fun with Juan! Message us to guide you, Juankada 🧑‍🌾🎉

#Juan365  #Juan365PH  #AllInJuanSaSaya  #JuanKada  #GforEveryJuan",16,"09/25/2025 03:00",mixed,https://www.facebook.com/Juan365officialpage/videos/811461498062521/,1,0,Videos,,,,,Lifetime,6231,5749,292,160,93,39,21137.824,4.049,0,157,157,,,0.02,,
122157565364762707,61572881214141,Juan365,"Naglalaro ka ba kasi gusto mo, o kasi kailangan mo? Play for enjoyment, not for stress.
🎮 JuanMindful Play is key.

#Juan365  #Juan365PH  #AllInJuanSaSaya  #JuanKada  #TheResponsibleJuan",,0,"09/25/2025 01:00",N/A,https://www.facebook.com/Juan365officialpage/posts/pfbid02A7Nw1iNdYWxHwPndNstzhVPJfqbu58GpcghwvEHKbWm2gFHXzKMRqvxE73Y2JKvvl,0,0,Photos,,,,,Lifetime,100240,56162,1156,443,650,63,,,,2452,2040,25,387,1.11,9,5
122157550208762707,61572881214141,Juan365,"From dreams to reality🌟 

Pinatunayan ni Jessica Sanchez na walang imposible basta’t may talento at determinasyon.

Congratulations, AGT Season 20 Champion! 🏆

#Juan365 #Juan365PH #AllInJuanSaSaya #JuanKada  #TheResponsibleJuan",,0,"09/24/2025 23:26",N/A,https://www.facebook.com/Juan365officialpage/posts/pfbid0F4AbANr4iQfKZGyymryppGiCfAJDuoZNYJZQEutvSzTLdTQJC2grJynJ3qvpJSFAl,0,0,Photos,,,,,Lifetime,42273,23918,539,406,102,31,,,,588,419,,169,0.51,1,3
122157532826762707,61572881214141,Juan365,"Juankada, i-comment na ang sagot mo + User ID mo!

Huwag pahuli—join the fun with Juan! Message us to guide you, Juankada 🧑‍🌾🎉

#Juan365  #Juan365PH  #AllInJuanSaSaya  #JuanKada #GforEveryJuan",,0,"09/24/2025 21:30",N/A,https://www.facebook.com/Juan365officialpage/posts/pfbid0cgmhPPbsyyHnH3WAGsbQHF2eStcfDLBru7XPRYHFo1DWfsA2zxniaEUVRjTz4xSsl,0,0,Photos,,,,,Lifetime,17965,9487,801,285,435,81,,,,714,653,,61,0.22,2,
122157499556762707,61572881214141,Juan365,"Reminder, Juankada: Play smart, play safe! Set self-exclusion para kontrolado ang game time mo

Huwag pahuli—join the fun with Juan! Message us to guide you, Juankada 🧑‍🌾🎉

#Juan365 #Juan365PH #AllInJuanSaSaya #JuanKada  #TheResponsibleJuan",,0,"09/24/2025 17:00",N/A,https://www.facebook.com/Juan365officialpage/posts/pfbid02pZ1gMP3R8kzCGbY2LV9VETHyVyGcPwZri5iF7noWud4ZJrAqtmridG2PNfJ45F9zl,0,0,Photos,,,,,Lifetime,24070,14792,323,187,105,31,,,,408,302,1,105,0.23,2,
122157442346762707,61572881214141,Juan365,"📢 Advisory: Scheduled Bank Maintenance

Hi! Juankada!

Instapay Send/Receive services will be temporarily unavailable due to maintenance on Sept 25, 2025 (Thu):

-GOTYME BANK: 12:00 AM – 1:00 AM

-MAYA BANK: 12:00 AM – 3:00 AM

-MAYA PHILIPPINES INC.: 12:00 AM – 3:00 AM

💡 Apektado ang payments & withdrawals. Please plan your transactions accordingly.

Salamat sa pang-unawa!

#Juan365 #MaintenanceUpdateMAYA #MaintenanceUpdateGOTIME #QuickFixOnly #TheResponsibleJuan #AllInJuanSaSaya",,0,"09/24/2025 09:54",N/A,https://www.facebook.com/Juan365officialpage/posts/pfbid09p8DS9fW8ZXq6z6Ew9zqAjzgaSV6Y7tphKMCKWNb6NDJqpEMejFTq1xBbmnhwN8Pl,0,0,Photos,,,,,Lifetime,21758,14644,263,169,76,18,,,,249,184,43,22,0.05,,1
122157417686762707,61572881214141,Juan365,"Harapin ang ultimate trickster, Joker Ace !
Think fast. Play smart. Outsmart the Joker or get played! 
Handa ka na bang i-prove ang skills mo?

Huwag pahuli—join the fun with Juan! Message us to guide you, Juankada 🧑‍🌾🎉

#Juan365 #Juan365PH #AllInJuanSaSaya #JuanKada  #GforEveryJuan","Harapin ang ultimate trickster, Joker Ace !
Think fast. Play smart. Outsmart the Joker or get played! 
Handa ka na bang i-prove ang skills mo?

Huwag pahuli—join the fun with Juan! Message us to guide you, Juankada 🧑‍🌾🎉

#Juan365 #Juan365PH #AllInJuanSaSaya #JuanKada  #GforEveryJuan",30,"09/24/2025 07:00",mixed,https://www.facebook.com/Juan365officialpage/videos/1476829953580709/,1,0,Videos,,,,,Lifetime,5076,4880,234,165,46,23,23826.617,5.441,0,116,112,4,,0.02,,
122157377918762707,61572881214141,Juan365,"Ilang Hats ang kaya mong hanapin, Juankada?

Huwag pahuli—join the fun with Juan! Message us to guide you, Juankada 🧑‍🌾🎉

#Juan365 #Juan365PH #AllInJuanSaSaya #JuanKada",,0,"09/24/2025 03:00",N/A,https://www.facebook.com/Juan365officialpage/posts/pfbid0sefVyE7waRVqU1juEBGefoKMx3TbVxrp75RBo8MG75GZyN7WwkEvMmFEtSnYC7YHl,0,0,Photos,,,,,Lifetime,31560,17891,503,238,220,45,,,,1037,650,40,347,0.35,2,1
122157363638762707,61572881214141,Juan365,"Join na, Juankada! 😉",,0,"09/24/2025 01:20",N/A,https://www.facebook.com/Juan365officialpage/posts/pfbid02KXYCRFoYKZUpnaSEZTJ29pHA5jQJDQoQbmd2FEzWQzVTzKBnaqL1ebhgsJhqG3XNl,0,1,Photos,,,,,Lifetime,23652,13456,460,220,203,37,,,,601,516,1,84,0,5,1
122157359402762707,61572881214141,Juan365,,,0,"09/24/2025 00:49",N/A,https://www.facebook.com/Juan365officialpage/posts/pfbid03bBhq6dG2gFmMxArJ4jjr7TzRf4pnnpPdpGPGq3EU3j9CC38FS1NRnUToUqsYvahl,0,1,Photos,,,,,Lifetime,55161,32517,314,248,51,15,,,,1010,766,,244,0,5,1
122157306998762707,61572881214141,Juan365,"Need a break?  Here’s a step-by-step guide on how to set self-exclusion para safe at chill ang laro mo, Juankada.

Huwag pahuli—join the fun with Juan! Message us to guide you, Juankada 🧑‍🌾🎉

#Juan365 #Juan365PH #AllInJuanSaSaya #JuanKada  #TheResponsibleJuan","Need a break?  Here’s a step-by-step guide on how to set self-exclusion para safe at chill ang laro mo, Juankada.

Huwag pahuli—join the fun with Juan! Message us to guide you, Juankada 🧑‍🌾🎉

#Juan365 #Juan365PH #AllInJuanSaSaya #JuanKada  #TheResponsibleJuan",63,"09/23/2025 21:30",auto,https://www.facebook.com/Juan365officialpage/videos/818798217235891/,1,0,Videos,,,,,Lifetime,29944,9739,439,258,111,70,129646.972,4.836,0,258,258,,,0.1,,
122157277418762707,61572881214141,Juan365,"Extra perks, extra saya—lahat yan makukuha mo! ✨
Follow Juan365 on Instagram and stay updated!

Huwag pahuli—join the fun with Juan! Message us to guide you, Juankada 🧑‍🌾🎉

#Juan365  #Juan365PH  #AllInJuanSaSaya  #JuanKada",,0,"09/23/2025 17:00",N/A,https://www.facebook.com/Juan365officialpage/posts/pfbid0T6tiM3e8RU81zujZFNwaYrDnDvNA6fJtrQCsoNAezTyhWkbGCNEeggMnRRPe3BYnl,0,0,Photos,,,,,Lifetime,43819,26080,598,313,255,30,,,,977,834,,143,0.64,2,3
122157215030762707,61572881214141,Juan365,"Bagyo Safety 101! 🌧️
Juankada, stay safe at handa palagi. 💙
Siguraduhin naka-secure ang bahay, may emergency kit, charged ang gadgets, at updated sa balita.
Safety first para sa ating lahat! 🙏

#Juan365 #Juan365PH #JuanKada",,0,"09/23/2025 07:00",N/A,https://www.facebook.com/Juan365officialpage/posts/pfbid02fViF4YmTgRTUtDQCXYt1Zhwne7m4nNTxGPiHbgSNqVUBG6mQThkd7CjxEUzXtJ6Sl,0,0,Photos,,,,,Lifetime,21495,13062,323,211,84,28,,,,260,202,,58,0.25,,
122157188504762707,61572881214141,Juan365,"Manatiling alerto at handa sa mga oras na ito, Juankada! ⚠️ 

Iwasan ang paglabas kung hindi kinakailangan. Mag-ingat at manatiling ligtas! 🙏🌧️

#Juan365 #Juan365PH #JuanKada",,0,"09/23/2025 04:00",N/A,https://www.facebook.com/Juan365officialpage/posts/pfbid031fF3WvDwb86Np7TudzyKRz4hq1uCYZDKPsp4mkdnHJyPCxvZ9GFHmpeG95XiyyZEl,0,0,Photos,,,,,Lifetime,23132,14158,341,223,81,37,,,,348,250,60,38,0.27,2,1
122157173978762707,61572881214141,Juan365,"Nakapasok na si Bagyong Opong, kaya mahalagang maging handa at ligtas sa panahon ng sakuna. Alamin ang contact information ng mga organisasyong makakatulong sa atin. ⛈️☔️
Keep safe and dry, JuanKada!

#Juan365 #Juan365PH #JuanKada",,0,"09/23/2025 02:22",N/A,https://www.facebook.com/Juan365officialpage/posts/pfbid0oazJSdmCKAgrj1VHgs1C5xu3KBQLpEYQMGqbWqxBu3sL25WLtybpg6iGrWLVHHCSl,0,1,Photos,,,,,Lifetime,20503,12154,228,165,38,25,,,,200,165,,35,0,,2
122157154532762707,61572881214141,Juan365,"Ingat tayo, Juankada!

Bagamat nakalabas na si Bagyong Nando, may LPA pa rin sa labas ng bansa na patuloy na nagdadala ng ulan sa'tin. Huwag kalimutang magdala ng payong at magdoble-ingat sa biyahe.

#Juan365 #Juan365PH #AllInJuanSaSaya #JuanKada",,0,"09/23/2025 00:00",N/A,https://www.facebook.com/Juan365officialpage/posts/pfbid0mzAF4NEmCUehLeeoqWpTfCEwEuYbDGPnGG8d9d2JcHmuQZSUd7u1k7fa985cfKGEl,0,0,Photos,,,,,Lifetime,25766,15180,580,277,274,29,,,,602,550,,52,0.26,2,1
122157130484762707,61572881214141,Juan365,"100 days left to make it happen! Ano pa ang goals mo this 2025?

Huwag pahuli—join the fun with Juan! Message us to guide you, Juankada 🧑‍🌾🎉

#Juan365 #Juan365PH #AllInJuanSaSaya #JuanKada",,0,"09/22/2025 21:30",N/A,https://www.facebook.com/Juan365officialpage/posts/pfbid02QL2Na4NqfRFWWW28AouVC4DXHWoR7wzbxi4rhkUmVv2M2yHnVbbx2Uu1r2EdR8H5l,0,0,Photos,,,,,Lifetime,35503,20638,510,283,201,26,,,,960,800,,160,0.5,4,1
122157090524762707,61572881214141,Juan365,"Trivia time! Sa Juan365, ilang beses bumubuhos ang Money Rain kada araw?

Huwag pahuli—join the fun with Juan! Message us to guide you, Juankada 🧑‍🌾🎉

#Juan365 #Juan365PH #AllInJuanSaSaya #JuanKada",,0,"09/22/2025 17:00",N/A,https://www.facebook.com/Juan365officialpage/posts/pfbid0Am4Jz6J96tV9xfejcDxmGViXUgkdhhFQCobcLiYvLFXPDMfcQDiDF2jRSAP7wseDl,0,0,Photos,,,,,Lifetime,69406,39592,1547,853,635,59,,,,2124,1882,1,241,0.92,1,4
122157022178762707,61572881214141,Juan365,"Never share your password or OTP. Kahit sa tropa!
🔒 Ingat sa scam, para tuloy-tuloy ang saya.

Huwag pahuli—join the fun with Juan! Message us to guide you, Juankada 🧑‍🌾🎉

#Juan365 #Juan365PH #AllInJuanSaSaya #JuanKada #JuanAlert","Never share your password or OTP. Kahit sa tropa!
🔒 Ingat sa scam, para tuloy-tuloy ang saya.

Huwag pahuli—join the fun with Juan! Message us to guide you, Juankada 🧑‍🌾🎉

#Juan365 #Juan365PH #AllInJuanSaSaya #JuanKada #JuanAlert",11,"09/22/2025 07:00",N/A,https://www.facebook.com/Juan365officialpage/videos/2505724633130741/,1,0,Videos,,,,,Lifetime,19351,17118,483,310,124,49,46050.826,2.712,0,213,212,1,,0,,
122156985344762707,61572881214141,Juan365,"Sagutin na, Juankada! Ano ang nagpapasaya sa’yo? 😍📝

Huwag pahuli—join the fun with Juan! Message us to guide you, Juankada 🧑‍🌾🎉

#Juan365 #Juan365PH #AllInJuanSaSaya #JuanKada",,0,"09/22/2025 03:00",N/A,https://www.facebook.com/Juan365officialpage/posts/pfbid02GKzSUA9Yrs5G8GHDuZTECfhtkodURTb7Yb3NTKoBs44pDtcCmgKqmzkp8B2u3AkTl,0,0,Photos,,,,,Lifetime,43201,23957,1042,416,552,74,,,,1348,1198,16,134,0.53,2,2
122156961746762707,61572881214141,Juan365,"Free credits gusto? Follow ayaw?

How to Join:
1. Follow Juan365  on Facebook.
2. Tap the “...” beside Sign Up on our FB page.
3. Select “Invite Friends”, tap “Select All”, then hit Send Invites.
4. Take a screenshot showing you invited your friends.
5. I-comment ang screenshot as proof na naka-follow ka at nag-invite ng tropa.

#Juan365 #Juan365PH #AllInJuanSaSaya #JuanKada",,0,"09/22/2025 00:00",N/A,https://www.facebook.com/Juan365officialpage/posts/pfbid0HnxUKpbGivCDY4pgaoCxMSwBML3YUgqzu72RQBNRbBgoUMA3nF2zqq25AZUP5jk7l,0,0,Photos,,,,,Lifetime,13956,7928,953,421,426,106,,,,1170,1012,18,140,0.51,1,1
122156943722762707,61572881214141,Juan365,"Juankada! Your cashback is calling—i-redeem mo na at i-level up ang araw mo!

Huwag pahuli—join the fun with Juan! Message us to guide you, Juankada 🧑‍🌾🎉

#Juan365  #Juan365PH  #AllInJuanSaSaya  #JuanKada  #GforEveryJuan",,0,"09/21/2025 21:30",N/A,https://www.facebook.com/Juan365officialpage/posts/pfbid07H8QBMnrYbbytXHcDaLTD6QV2pZAfRy1mMJh6gnAqg6Gh83tRZggmwAmH3xPFrRrl,0,0,Photos,,,,,Lifetime,21735,12948,436,196,199,41,,,,671,570,24,77,0.28,2,1
122156913362762707,61572881214141,Juan365,"Handa ka na ba sa colorful spins at endless surprises, Juankada?
Play now sa Juan365 and let the fun take flight!

Huwag pahuli—join the fun with Juan! Message us to guide you, Juankada 🧑‍🌾🎉

#Juan365 #Juan365PH #AllInJuanSaSaya #JuanKada  #GforEveryJuan","Handa ka na ba sa colorful spins at endless surprises, Juankada?
Play now sa Juan365 and let the fun take flight!

Huwag pahuli—join the fun with Juan! Message us to guide you, Juankada 🧑‍🌾🎉

#Juan365 #Juan365PH #AllInJuanSaSaya #JuanKada  #GforEveryJuan",6,"09/21/2025 17:01",N/A,https://www.facebook.com/reel/1160525149307608/,1,0,Reels,,,,,Lifetime,49462,38177,1089,719,286,84,118850.209,3.145,0,434,433,1,,0.05,,
122156856866762707,61572881214141,Juan365,"🇵🇭 EJ Obiena dominates the skies once again, securing GOLD at the Atletang Ayala World Pole Vault Challenge! 🌟

With unmatched skill and determination, the Filipino pole vault sensation continues to make history and bring pride to the nation. 🙌

📅 September 21, 2025
📍 World-class. World-ranked. World-champion.

#Juan365 #Juan365PH #AllinJuanSaSaya #Juankada #Juansports",,0,"09/21/2025 08:50",N/A,https://www.facebook.com/Juan365officialpage/posts/pfbid02dAQBmSehRqRhDQmBKTiYc5V9xHAapdDbiKUjQJ6iAGW1bM9EmvuLN7HeBN7yE2rYl,0,0,Photos,,,,,Lifetime,32380,19926,360,232,104,24,,,,256,199,,57,0.38,2,1
122156833814762707,61572881214141,Juan365,"Masaya ang laro, pero mas masaya kung may oras ka rin para sa pahinga. ⏰ Diba, Juankada?

Huwag pahuli—join the fun with Juan! Message us to guide you, Juankada 🧑‍🌾🎉

#Juan365 #Juan365PH #AllInJuanSaSaya  #JuanKada  #TheResponsibleJuan",,0,"09/21/2025 07:00",N/A,https://www.facebook.com/Juan365officialpage/posts/pfbid09FUGYKMni8t3BzHUZivWKQxrmmBB7REobfn7JMterPsNmPrsiV4r3WGyfS98drYZl,0,0,Photos,,,,,Lifetime,35863,20524,448,247,166,35,,,,617,499,32,86,0.44,5,1
122156801498762707,61572881214141,Juan365,"Alin ang mas exciting para sa’yo, Juankada?

Huwag pahuli—join the fun with Juan! Message us to guide you, Juankada 🧑‍🌾🎉

#Juan365 #Juan365PH #AllInJuanSaSaya #JuanKada","Alin ang mas exciting para sa’yo, Juankada?

Huwag pahuli—join the fun with Juan! Message us to guide you, Juankada 🧑‍🌾🎉

#Juan365 #Juan365PH #AllInJuanSaSaya #JuanKada",10,"09/21/2025 03:01",N/A,https://www.facebook.com/reel/795135429555813/,1,0,Reels,,,,,Lifetime,24393,23254,882,535,284,63,63813.531,3.009,0,355,354,1,,0.01,,
122156777204762707,61572881214141,Juan365,"All-in sa saya, Juankada!
Get the hottest updates, exclusive offers, at latest announcements, join our official TG Channel!

Download the Juan365 app & join the fun, Juankada! Message us to guide you! 🧡

#Juan365 #Juan365PH #AllInJuanSaSaya #JuanKada","All-in sa saya, Juankada!
Get the hottest updates, exclusive offers, at latest announcements, join our official TG Channel!

Download the Juan365 app & join the fun, Juankada! Message us to guide you! 🧡

#Juan365 #Juan365PH #AllInJuanSaSaya #JuanKada",10,"09/21/2025 00:00",N/A,https://www.facebook.com/Juan365officialpage/videos/1188338883209711/,1,0,Videos,,,,,Lifetime,16693,14887,439,279,122,38,35069.544,2.357,0,247,246,1,,0,,
122156758820762707,61572881214141,Juan365,"Sino dito ang naka-LSS na sa Christmas songs? Share your fave!

#Juan365 #Juan365PH #AllInJuanSaSaya #JuanKada","Sino dito ang naka-LSS na sa Christmas songs? Share your fave!

#Juan365 #Juan365PH #AllInJuanSaSaya #JuanKada",9,"09/20/2025 21:30",N/A,https://www.facebook.com/Juan365officialpage/videos/1308660667560090/,1,0,Videos,,,,,Lifetime,21882,19670,446,282,123,41,42870.262,2.199,0,144,144,,,0,,
122156731694762707,61572881214141,Juan365,"SuperAce ang sagot sa non-stop action.
Shuffle up at sabay sabay tayo sa ace vibe!

Download the Juan365 app & join the fun! Message us to guide you! 🧡

#Juan365 #Juan365PH #AllInJuanSaSaya #JuanKada  #GforEveryJuan","SuperAce ang sagot sa non-stop action.
Shuffle up at sabay sabay tayo sa ace vibe!

Download the Juan365 app & join the fun! Message us to guide you! 🧡

#Juan365 #Juan365PH #AllInJuanSaSaya #JuanKada  #GforEveryJuan",11,"09/20/2025 17:01",N/A,https://www.facebook.com/Juan365officialpage/videos/4254026091539354/,1,0,Videos,,,,,Lifetime,8470,7383,449,273,130,46,29937.524,4.506,0,400,400,,,0,,
122156648792762707,61572881214141,Juan365,"Heads up, Juankada! 🚨
Huwag patulan ang suspicious links o messages — IGNORE agad! 
Makipag-usap lamang sa Juan365 CSR at Juan365 Official FB Page.

#Juan365 #Juan365PH #AllInJuanSaSaya #JuanKada  #JuanAlert",,0,"09/20/2025 07:00",N/A,https://www.facebook.com/Juan365officialpage/posts/pfbid0cKoZKiLFaNfrhmC91zgSbi2cqeXM2NMbQCB9nPqr6FRwbVEvradb7NYYC4hCLevKl,0,0,Photos,,,,,Lifetime,32811,20008,404,269,97,38,,,,531,437,1,93,0.41,4,1
122156635454762707,61572881214141,Juan365,,,0,"09/20/2025 05:23",N/A,https://www.facebook.com/Juan365officialpage/posts/pfbid02Rur2Fi69xSA7nAG2FX5X9sNr77Q9AwR8ZKF6MwtRHN5Tu8mT6Uzf7BAhAQFToLfl,0,1,Photos,,,,,Lifetime,40717,23093,326,246,45,35,,,,987,488,,499,0,3,1
122156618444762707,61572881214141,Juan365,"Kung bibigyan ka ngayon… anong una mong gagawin? Comment below! 👇

Download the Juan365 app & join the fun, Juankada! Message us to guide you! 🧡

#Juan365 #Juan365PH #AllInJuanSaSaya #JuanKada",,0,"09/20/2025 03:00",N/A,https://www.facebook.com/Juan365officialpage/posts/pfbid0k2N2BBobqdHTn7SQX2wVbhmUQvtMv1Y4GgcEECXKXuuB5VtSXXFP876BYrFgqMAkl,0,0,Photos,,,,,Lifetime,50358,28079,1553,620,816,117,,,,1955,1794,,161,0.66,2,1
122156592008762707,61572881214141,Juan365,"Sige nga, itapat mo nga?

#Juan365 #Juan365PH #AllInJuanSaSaya #JuanKada #GforEveryJuan","Sige nga, itapat mo nga?

#Juan365 #Juan365PH #AllInJuanSaSaya #JuanKada #GforEveryJuan",10,"09/20/2025 00:01",N/A,https://www.facebook.com/Juan365officialpage/videos/1449917136238880/,1,0,Videos,,,,,Lifetime,27598,21687,810,472,297,41,82321.684,3.611,0,942,942,,,0,,
122156569952762707,61572881214141,Juan365,"Wallpaper pa lang, panalo na! diba, Juankada? 🤩

#Juan365 #Juan365PH #AllInJuanSaSaya #JuanKada",,0,"09/19/2025 21:30",N/A,https://www.facebook.com/Juan365officialpage/posts/pfbid026GNYm6qweiCqS3PTi5FQ7aiJNRGNia5QsQBtNUrBde6Ej1EGWXyEsDgZkM5rCwpol,0,0,Photos,,,,,Lifetime,24420,14147,341,213,107,21,,,,330,260,,70,0.31,1,1
122156533670762707,61572881214141,Juan365,"Time to choose your power-up, Juankada! Anong pipiliin mo?

Download the Juan365 app & join the fun! Message us to guide you! 🧡

#Juan365  #Juan365PH  #AllInJuanSaSaya  #JuanKada",,0,"09/19/2025 17:00",N/A,https://www.facebook.com/Juan365officialpage/posts/pfbid0t5nK9NRuRM76ZfuKnDaMsEz7Tpn9emWu2DM1XzxxDxhWa9CdwfTcuB1C4fhnLH25l,0,0,Photos,,,,,Lifetime,47170,27638,941,434,415,92,,,,1336,1101,19,216,0.54,3,3
122156461964762707,61572881214141,Juan365,"Bawal magpahuli! Harapin ang bagong hamon kay Joker Ace, only on Juan365 🔥

Download the Juan365 app & join the fun, Juankada! Message us to guide you! 🧡

#Juan365 #Juan365PH #AllInJuanSaSaya #JuanKada #GforEveryJuan","Bawal magpahuli! Harapin ang bagong hamon kay Joker Ace, only on Juan365 🔥

Download the Juan365 app & join the fun, Juankada! Message us to guide you! 🧡

#Juan365 #Juan365PH #AllInJuanSaSaya #JuanKada #GforEveryJuan",19,"09/19/2025 07:01",N/A,https://www.facebook.com/Juan365officialpage/videos/1151276043520358/,1,0,Videos,,,,,Lifetime,7915,7590,343,218,96,29,30340.861,4.45,0,211,210,1,,0.03,,
122156415374762707,61572881214141,Juan365,"Alam mo ba, Juankada? Mas masaya ang laro kapag alam mo ang limit mo!
Play smart, play safe — enjoy responsibly!

Download the Juan365 app & join the fun, Juankada! Message us to guide you! 🧡

#Juan365 #Juan365PH #AllInJuanSaSaya #JuanKada #TheResponsibleJuan","Alam mo ba, Juankada? Mas masaya ang laro kapag alam mo ang limit mo!
Play smart, play safe — enjoy responsibly!

Download the Juan365 app & join the fun, Juankada! Message us to guide you! 🧡

#Juan365 #Juan365PH #AllInJuanSaSaya #JuanKada #TheResponsibleJuan",10,"09/19/2025 03:01",N/A,https://www.facebook.com/Juan365officialpage/videos/762972490033264/,1,0,Videos,,,,,Lifetime,10823,8093,330,206,65,59,29596.708,3.349,0,343,286,57,,0,,
122156360702762707,61572881214141,Juan365,"🎄✨ 14 Fridays na lang, Juankada! ✨🎄
Amoy Pasko na sa Juan365! 
Ano’ng handa ang NEVER missing sa Christmas table ninyo? Share your fave at baka ikaw ang swertehin 🎉

Sumali na! Here’s how:
1️⃣ Follow Juan365  at  i Download ang Juan365 APP https://apps.apple.com/ph/app/juan365/id6749568347 💙
2️⃣ Share this post para mas marami ang makasali 
3️⃣ Comment your User ID + attach a screenshot na naka-download ka na ng Juan365 App at naka-follow ka sa page 
4️⃣ Tag 5 friends para sabay-sabay ang saya! 

#Juan365 #Juan365PH #AllInJuanSaSaya #JuanKada","🎄✨ 14 Fridays na lang, Juankada! ✨🎄
Amoy Pasko na sa Juan365! 
Ano’ng handa ang NEVER missing sa Christmas table ninyo? Share your fave at baka ikaw ang swertehin 🎉

Sumali na! Here’s how:
1️⃣ Follow @[61572881214141:2048:Juan365]  at  i Download ang Juan365 APP https://apps.apple.com/ph/app/juan365/id6749568347 💙
2️⃣ Share this post para mas marami ang makasali 
3️⃣ Comment your User ID + attach a screenshot na naka-download ka na ng Juan365 App at naka-follow ka sa page 
4️⃣ Tag 5 friends para sabay-sabay ang saya! 

#Juan365 #Juan365PH #AllInJuanSaSaya #JuanKada",10,"09/18/2025 21:00",N/A,https://www.facebook.com/Juan365officialpage/videos/1365117415616220/,1,0,Videos,,,,,Lifetime,23474,19582,964,405,321,238,60922.372,3.062,0,685,432,253,,0,,
122156337938762707,61572881214141,Juan365,"Discover the ultimate gaming experience with 759 Gaming —
sama na sa saya, Juankada!

Download the Juan365 app & join the fun! Message us to guide you! 🧡

#Juan365 #Juan365PH #AllInJuanSaSaya #JuanKada","Discover the ultimate gaming experience with 759 Gaming —
sama na sa saya, Juankada!

Download the Juan365 app & join the fun! Message us to guide you! 🧡

#Juan365 #Juan365PH #AllInJuanSaSaya #JuanKada",10,"09/18/2025 18:00",N/A,https://www.facebook.com/Juan365officialpage/videos/1825113705030081/,1,0,Videos,,,,,Lifetime,12737,11483,598,297,232,69,39507.694,3.701,0,370,370,,,0,,
122156304770762707,61572881214141,Juan365,"Salamat, Alas Pilipinas! 🇵🇭 

Ang bawat palo at puntos ay nagsalita ng tapang at pagmamahal sa Pilipinas. Mabuhay ang pusong palaban! ❤️💙

#Juan365PH #Juan365  #AllInJuanSaSaya #JuanKada #JuanSports",,0,"09/18/2025 14:58",N/A,https://www.facebook.com/Juan365officialpage/posts/pfbid023nS4nkTtDrM1TYxNZzkRaYjsuSzQMTZf6emsvb6GQm6JC4FhUkWMUSS19ZsxdNB7l,0,0,Photos,,,,,Lifetime,39167,23093,362,246,96,20,,,,536,409,15,112,0.52,3,
122156276990762707,61572881214141,Juan365,"📣 ADVISORY: System Maintenance (Maya & GCash) – September 19, 2025

Hi Juankada!

Please be informed na may scheduled system maintenance ang ilang financial services sa September 19, 2025 (Friday).

🔧 Maya Maintenance

⏰ 2:00 AM – 3:00 AM

❌ Withdrawals temporarily unavailable

✅ Deposits remain available

🔧 GCash / BancNet Maintenance

⏰ 12:00 AM – 1:00 AM: GCash Card services

⏰ 1:00 AM – 2:00 AM: Bank Transfers and QRPH Payments via GCash

✅ Express Send will still be available

‼️ Plan your transactions ahead to avoid any inconvenience.

Salamat po sa inyong pang-unawa at patuloy na pagtitiwala! 🙏

#Juan365 #MaintenanceUpdateMAYA #QuickFixOnly #TheResponsibleJuan #AllInJuanSaSaya",,0,"09/18/2025 09:57",N/A,https://www.facebook.com/Juan365officialpage/posts/pfbid0FNx3a12CZ3ywYsoz5KrGyBbE1D3Sk26XXgVKMKXU9RbQKv6XszSWehfnxHvuTp73l,0,0,Photos,,,,,Lifetime,24515,14202,258,174,68,16,,,,483,403,33,47,0.1,1,1
122156255732762707,61572881214141,Juan365,"Free Credits dust para sa maglalapag ng User ID!

Download the Juan365 app & join the fun, Juankada! Message us to guide you! 🧡

#Juan365 #Juan365PH #AllInJuanSaSaya #JuanKada",,0,"09/18/2025 07:00",N/A,https://www.facebook.com/Juan365officialpage/posts/pfbid0aBxZnepixxibsQzG2RPEsy8JXEUuv4LwrnCizN8fKrHTu3MC2hhDMgLQtaRsuYeCl,0,0,Photos,,,,,Lifetime,79376,42925,2045,722,1183,140,,,,3589,3236,2,351,0.32,7,5
122156218118762707,61572881214141,Juan365,"Congratulations sa 10 lucky Juankada! Enjoy your 100 FREE Juan365 Credits!

Follow Juan365 para updated ka sa mga susunod na ganap!

#Juan365 #Juan365PH #AllInJuanSaSaya #JuanKada","Congratulations sa 10 lucky Juankada! Enjoy your 100 FREE Juan365 Credits!

Follow Juan365 para updated ka sa mga susunod na ganap!

#Juan365 #Juan365PH #AllInJuanSaSaya #JuanKada",11,"09/18/2025 03:01",N/A,https://www.facebook.com/Juan365officialpage/videos/1428730828433088/,1,0,Videos,,,,,Lifetime,21571,17554,851,523,276,52,70747.646,4.022,0,1033,932,101,,0,,
122156194370762707,61572881214141,Juan365,"Ready na ba kayo, Juankada? 🏐💥 

🇵🇭 PHI vs IRN 🇮🇷 sa FIVB Men’s World Championship!

📅 Sept 18 | 🕠 5:30 PM

Suportahan ang ating mga manlalaro—ipakita ang lakas ng Pinoy! 💪

#Juan365 #Juan365PH #AllInJuanSaSaya #JuanKada #JuanSports",,0,"09/18/2025 00:00",N/A,https://www.facebook.com/Juan365officialpage/posts/pfbid02VxTFmqHCZLryoyyJv3QwP8qjop44K5FqDVr39bAXcgrxCzhG5aJ4x9ouqYutQ9sLl,0,0,Photos,,,,,Lifetime,22521,13770,280,204,48,28,,,,212,129,40,43,0.16,3,1
122156159918762707,61572881214141,Juan365,"Sorry Juankada, nabusy yung creatives team namin eh! 😅 Ayaw din naman namin na hindi kayo ma-update kaya kami na muna nag-edit😁

Download the Juan365 app & join the fun, Juankada! Message us to guide you! 🧡

#Juan365 #Juan365PH #AllInJuanSaSaya #JuanKada",,0,"09/17/2025 18:45",N/A,https://www.facebook.com/Juan365officialpage/posts/pfbid0EjVRGV9W878s92ZLbcjH5qB7W1M9LdTAEEe1ZWzB52eMqghy26NW5nRrEobiPsQ3l,0,0,Photos,,,,,Lifetime,29267,17346,439,275,127,37,,,,475,418,2,55,0.12,1,4
122156149100762707,61572881214141,Juan365,"Think fast. Play smart. Outsmart the Joker or get played!
Walang daya, walang takas—kaya mo ba siyang talunin? Prove it today!

Download the Juan365 app & join the fun, Juankada! Message us to guide you! 🧡

#Juan365 #Juan365PH #AllInJuanSaSaya #JuanKada  #GforEveryJuan","Think fast. Play smart. Outsmart the Joker or get played!
Walang daya, walang takas—kaya mo ba siyang talunin? Prove it today!

Download the Juan365 app & join the fun, Juankada! Message us to guide you! 🧡

#Juan365 #Juan365PH #AllInJuanSaSaya #JuanKada  #GforEveryJuan",20,"09/17/2025 16:30",N/A,https://www.facebook.com/Juan365officialpage/videos/1314083140410747/,1,0,Videos,,,,,Lifetime,18498,16767,417,280,99,38,68645.078,4.113,0,280,279,1,,0.06,,
122156087396762707,61572881214141,Juan365,"Gaming is fun.
Overspending? Never.
Smart play is the real win.
Stay in Control, everyJuan.

Huwag pahuli—join the fun with Juan! Message us to guide you, Juankada 🧑‍🌾🎉

#Juan365 #Juan365PH #AllInJuanSaSaya #JuanKada  #TheResponsibleJuan",,0,"09/17/2025 07:00",N/A,https://www.facebook.com/Juan365officialpage/posts/pfbid02eAcJoTvaFLK66avqYoCeF898ZhWJ4gKLLDD7N2sqZqAHUeykMTjVDiyjPhAFS8gHl,0,0,Photos,,,,,Lifetime,33845,20234,535,317,166,52,,,,517,417,1,99,0.14,7,1
122156055200762707,61572881214141,Juan365,"Your reel",,10,"09/17/2025 03:01",N/A,https://www.facebook.com/Juan365officialpage/videos/1477575853484393/,0,0,Videos,,,,,Lifetime,14828,18272,582,362,153,67,49286.066,2.604,0,246,242,4,,0,,
122156031968762707,61572881214141,Juan365,"From World No. 88 to shocking the globe 🌍

Ginulat ng Alas Pilipinas Men ang World No. 21 Egypt para sa unang makasaysayang panalo sa 2025 FIVB Men’s World Championship! 🏐💥

History unlocked. ✨ Mabuhay ang Alas, Mabuhay ang PILIPINAS! 🇵🇭

#Juan365  #Juan365PH  #AllInJuanSaSaya  #JuanKada #JuanSports",,0,"09/17/2025 00:01",N/A,https://www.facebook.com/Juan365officialpage/posts/pfbid02czMSYoDS1ygD4B4oyEpKGU1pjK8RkSxEQYDEoG8UX45TrWvVi99ycVqV8norU2Mgl,0,0,Photos,,,,,Lifetime,30360,17360,413,285,79,49,,,,343,243,24,76,0.07,3,
122156018660762707,61572881214141,Juan365,"Happy National Pet Bird Day! 🐦✨ Pasilip naman ng ibon mo, Juankada! 😁

#Juan365 #Juan365PH #AllInJuanSaSaya #JuanKada",,0,"09/16/2025 22:18",N/A,https://www.facebook.com/Juan365officialpage/posts/pfbid02McyqXri2WKhhnQRJ6ewSsNfXbLbmbNhvzcdW2Q6xeaBfMHPD8Px4GnV58APH3iEdl,0,0,Photos,,,,,Lifetime,61054,34571,901,495,379,27,,,,1407,1253,51,103,0.15,2,3
122156011190762707,61572881214141,Juan365,"Comment ‘Present!’ + your User ID para masama sa swerte today!

Download the Juan365 app & join the fun! Message us to guide you! 🧡

#Juan365 #Juan365PH #AllInJuanSaSaya #JuanKada","Comment ‘Present!’ + your User ID para masama sa swerte today!

Download the Juan365 app & join the fun! Message us to guide you! 🧡

#Juan365 #Juan365PH #AllInJuanSaSaya #JuanKada",10,"09/16/2025 21:01",N/A,https://www.facebook.com/Juan365officialpage/videos/1121060393330258/,1,0,Videos,,,,,Lifetime,31709,25937,1666,714,798,154,92176.083,3.466,0,1313,1313,,,0,,
122155952054762707,61572881214141,Juan365,"Kaya kung gusto mo rin makita si The Juan mo, tara na! 😉

Download the Juan365 app & join the fun, Juankada! Message us to guide you! 🧡

#Juan365  #Juan365PH  #AllInJuanSaSaya  #JuanKada",,0,"09/16/2025 16:30",N/A,https://www.facebook.com/Juan365officialpage/posts/pfbid02PM8G8UAFysd2PZn6HJN1Dz1AWQf3v59UViF4Huk723oeT7TeQd7xQ3QeJXFRaTEil,0,0,Photos,,,,,Lifetime,49636,29625,437,244,155,38,,,,839,682,37,120,0.18,5,2
122155861292762707,61572881214141,Juan365,"Reminder, Juankada! ⚠️
Trust Juan365 Official Page at Juan365 CSR only for any concern.

#Juan365 #Juan365PH #AllInJuanSaSaya #JuanKada  #JuanAlert","Reminder, Juankada! ⚠️
Trust Juan365 Official Page at Juan365 CSR only for any concern.

#Juan365 #Juan365PH #AllInJuanSaSaya #JuanKada  #JuanAlert",10,"09/16/2025 07:01",N/A,https://www.facebook.com/Juan365officialpage/videos/3122023357958208/,1,0,Videos,,,,,Lifetime,37076,27916,795,492,232,71,99940.989,3.18,0,510,509,1,,0.01,,
122155829942762707,61572881214141,Juan365,"Payday blues vibes
Kahapon sweldo, ngayon puro resibo…
Team Petsa de Peligro ka ba o Team Bagong Sahod? 🤑
Comment mo sa baba, Juankada!

Download the Juan365 app & join the fun, Juankada! Message us to guide you! 🧡

#Juan365  #Juan365PH  #AllInJuanSaSaya  #JuanKada",,0,"09/16/2025 03:00",N/A,https://www.facebook.com/Juan365officialpage/posts/pfbid0Gy1ni5uK1Nro66Uo3mNdY4NGun7Vf9pdvQwS2Drz7mkLydpZfKjHwBoMQGrN2Xq2l,0,0,Photos,,,,,Lifetime,43934,24658,623,361,204,58,,,,547,444,1,102,0.11,2,1
122155811924762707,61572881214141,Juan365,"Juan365 updated his cover photo.",,0,"09/16/2025 00:30",N/A,https://www.facebook.com/photo.php?fbid=122155811924762707&set=a.122127416456762707&type=3,0,0,Photos,,,,,Lifetime,1013,583,793,530,190,73,,,,19,10,6,3,0.24,2,1
122155811576762707,61572881214141,Juan365,"Download the Juan365 app https://apps.apple.com/ph/app/juan365/id6749568347 & join the fun, Juankada!",,0,"09/16/2025 00:29",N/A,https://www.facebook.com/photo.php?fbid=122155811576762707&set=a.122094547100762707&type=3,0,0,Photos,,,,,Lifetime,69595,37236,1282,782,406,94,,,,2361,1089,1176,96,1.16,7,4
122155783658762707,61572881214141,Juan365,"Update your Juan365 app now to get the latest push notifications — diretso sa phone mo ang winning updates, promotion updates, at exciting bonuses! 🎉 Don't forget to click 'Allow' sa push notifications ha!

Download the Juan365 app https://apps.apple.com/ph/app/juan365/id6749568347 & join the fun, Juankada! Message us to guide you! 🧡

#Juan365  #Juan365PH  #AllInJuanSaSaya  #JuanKada","Update your Juan365 app now to get the latest push notifications — diretso sa phone mo ang winning updates, promotion updates, at exciting bonuses! 🎉 Don't forget to click 'Allow' sa push notifications ha!

Download the Juan365 app https://apps.apple.com/ph/app/juan365/id6749568347 & join the fun, Juankada! Message us to guide you! 🧡

#Juan365  #Juan365PH  #AllInJuanSaSaya  #JuanKada",10,"09/15/2025 21:01",N/A,https://www.facebook.com/Juan365officialpage/videos/4067921253461731/,1,0,Videos,,,,,Lifetime,26466,21006,736,414,255,67,73903.362,3.328,0,855,401,454,,0,,
122155757198762707,61572881214141,Juan365,"Gusto mo ba ng maagang Pamasko, Juankada? 🎄

How to Join:
1. I-comment kung ano ang nilolook forward mo this Christmas + iyong User ID.
2. Follow Juan365 .
3. Download the Juan365 App.
4. I-tag ang 5 friends mo.
5. I-comment ang screenshot na naka-follow ka at naka-download ng Juan365 App.
6. Share this post.

#Juan365 #Juan365PH #AllInJuanSaSaya #JuanKada #GforEveryJuan","Gusto mo ba ng maagang Pamasko, Juankada? 🎄

How to Join:
1. I-comment kung ano ang nilolook forward mo this Christmas + iyong User ID.
2. Follow @[61572881214141:2048:Juan365] .
3. Download the Juan365 App.
4. I-tag ang 5 friends mo.
5. I-comment ang screenshot na naka-follow ka at naka-download ng Juan365 App.
6. Share this post.

#Juan365 #Juan365PH #AllInJuanSaSaya #JuanKada #GforEveryJuan",10,"09/15/2025 16:30",N/A,https://www.facebook.com/Juan365officialpage/videos/1084984586774899/,1,0,Videos,,,,,Lifetime,32669,27725,1177,606,415,156,98406.304,3.589,0,790,790,,,0,,
122155714406762707,61572881214141,Juan365,"📣 ADVISORY JUANKADA!

Heads-up lang po! 📱

The GCash App will undergo system maintenance on September 16, 2025 (Tuesday), from 2:00 AM to 3:00 AM.
During this time, GCash services might not be available.

👉 Plan your transactions ahead to avoid any hassle!

Salamat sa inyong pang-unawa, mga Ka-Juan! 💙

#Juan365 #MaintenanceUpdate #QuickFixOnly #TheResponsibleJuan #AllInJuanSaSaya",,0,"09/15/2025 08:35",N/A,https://www.facebook.com/Juan365officialpage/posts/pfbid0txg4y3mysygeW7Cwoxh6qQXm7TDT3R7Ez4cNnQf3Dgb9XVxWXYPtBKKpzaUFe7aHl,0,0,Photos,,,,,Lifetime,43929,25473,584,334,208,42,,,,782,660,53,69,0.13,8,1
122155704194762707,61572881214141,Juan365,"Represent, represent! 📍 
Comment mo na kung taga saan ka, Juankada + User ID!

Download the Juan365 app & join the fun, Juankada! Message us to guide you! 🧡

#Juan365  #Juan365PH  #AllInJuanSaSaya  #JuanKada",,0,"09/15/2025 07:00",N/A,https://www.facebook.com/Juan365officialpage/posts/pfbid021oKqK8yRict3TmMbjpFs8BhttpJNcDJCaotKYtV4R2K6aJXeNpjUqJfy9b2HdBnLl,0,0,Photos,,,,,Lifetime,40174,24035,1212,479,596,137,,,,1119,1022,,97,0.1,3,1
122155674164762707,61572881214141,Juan365,"Pag legit at solid, hindi matutumbasan! 💙

#Juan365 #Juan365PH #AllInJuanSaSaya #JuanKada",,0,"09/15/2025 03:00",N/A,https://www.facebook.com/Juan365officialpage/posts/pfbid02zxWPjKi1JfaWeJh8ekw4hB1Ghs5PGifKN3NJsCcqFNHUh5cW8WvCUDMUDdjWTn6pl,0,0,Photos,,,,,Lifetime,56058,31357,649,362,236,51,,,,954,853,1,100,0.62,5,1
122155629800762707,61572881214141,Juan365,"Start fresh, start smart! Claim your cashback and play again, Juankada!

Download the Juan365 app & join the fun! Message us to guide you! 🧡

#Juan365 #Juan365PH #AllInJuanSaSaya #JuanKada","Start fresh, start smart! Claim your cashback and play again, Juankada!

Download the Juan365 app & join the fun! Message us to guide you! 🧡

#Juan365 #Juan365PH #AllInJuanSaSaya #JuanKada",9,"09/14/2025 21:01",N/A,https://www.facebook.com/Juan365officialpage/videos/4027660110712851/,1,0,Videos,,,,,Lifetime,33690,28365,1143,565,493,85,96340.555,3.486,0,870,868,2,,0,,
122155620062762707,61572881214141,Juan365,"REST IN POWER, “THE HITMAN” 🕊️

Boxing legend Ricky Hatton has passed away at 46. A true warrior remembered forever.

#Juan365 #Juan365PH #AllInJuanSaSaya #JuanKada #RickyHatton",,0,"09/14/2025 19:21",N/A,https://www.facebook.com/Juan365officialpage/posts/pfbid031xAqrLD1V7hYWW2zunopJjzA8rWxtGiBoauQKfTmhVVCRVgYQHypVJWtKvQhYSV3l,0,0,Photos,,,,,Lifetime,129810,75347,627,511,69,47,,,,3972,3299,1,672,1.56,4,2
122155606718762707,61572881214141,Juan365,"Payday vibes? Perfect time para i-treat ang sarili! 💸
Play smart and play safe, Juankada!

Download the Juan365 app & join the fun, Juankada! Message us to guide you! 🧡

#Juan365  #Juan365PH  #AllInJuanSaSaya  #JuanKada","Payday vibes? Perfect time para i-treat ang sarili! 💸
Play smart and play safe, Juankada!

Download the Juan365 app & join the fun, Juankada! Message us to guide you! 🧡

#Juan365  #Juan365PH  #AllInJuanSaSaya  #JuanKada",10,"09/14/2025 16:30",N/A,https://www.facebook.com/Juan365officialpage/videos/570109386124064/,1,0,Videos,,,,,Lifetime,17604,17425,622,376,214,32,42089.421,2.733,0,366,363,3,,0,,
122155553540762707,61572881214141,Juan365,"Kung papipiliin ka, Juankada… A or B? Comment mo na sagot mo!

Download the Juan365 app & join the fun, Juankada! Message us to guide you! 🧡

#Juan365  #Juan365PH  #AllInJuanSaSaya  #JuanKada",,0,"09/14/2025 07:00",N/A,https://www.facebook.com/Juan365officialpage/posts/pfbid0qYgBwcSakEazo4xqwSAUVr4yj4D8XNjMU3Yhh11gWtKioWuBWmtf8AdnWESUt5MJl,0,0,Photos,,,,,Lifetime,41729,23516,1298,559,662,77,,,,1115,992,1,122,0.43,3,3
122155507028762707,61572881214141,Juan365,"Congratulations sa 10 lucky Juankada! Enjoy your 300 FREE Juan365 Credits!

Follow Juan365 para updated ka sa mga susunod na ganap!

#Juan365  #Juan365PH  #AllInJuanSaSaya  #JuanKada","Congratulations sa 10 lucky Juankada! Enjoy your 300 FREE Juan365 Credits!

Follow Juan365 para updated ka sa mga susunod na ganap!

#Juan365  #Juan365PH  #AllInJuanSaSaya  #JuanKada",10,"09/14/2025 03:02",N/A,https://www.facebook.com/Juan365officialpage/videos/830460969391991/,1,0,Videos,,,,,Lifetime,43022,39322,1431,922,411,98,136946.697,3.874,0,1349,1347,2,,0,,
122155488932762707,61572881214141,Juan365,"Forever part of our story ang pets na nagpasaya sa atin. Sino sa inyo may furbaby memories? 🐶🐱

#Juan365  #Juan365PH  #AllInJuanSaSaya  #JuanKada",,0,"09/14/2025 00:35",N/A,https://www.facebook.com/Juan365officialpage/posts/pfbid02kZNsRXFS4dP6Co3EoDxPsz3cUmvxqLiYrPafY5ZDcKBG2Bs3yuHh6A4Gi5Pz1Guul,0,0,Photos,,,,,Lifetime,35262,19564,501,327,127,47,,,,358,298,,60,0.4,3,1
122155464452762707,61572881214141,Juan365,"Laro na agad, anytime, anywhere.

Download the Juan365 app & join the fun, Juankada! Message us to guide you! 🧡

#Juan365  #Juan365PH  #AllInJuanSaSaya  #JuanKada","Laro na agad, anytime, anywhere.

Download the Juan365 app & join the fun, Juankada! Message us to guide you! 🧡

#Juan365  #Juan365PH  #AllInJuanSaSaya  #JuanKada",10,"09/13/2025 21:01",N/A,https://www.facebook.com/Juan365officialpage/videos/1089084576620176/,1,0,Videos,,,,,Lifetime,19187,18288,751,446,263,42,51614.675,3.157,0,321,318,3,,0,,
122155436666762707,61572881214141,Juan365,"Ready ka na ba for adventure?  Hoard of Aztec, puno ng hidden treasures para sa’yo!

Download the Juan365 app & join the fun, Juankada! Message us to guide you! 🧡

#Juan365  #Juan365PH  #AllInJuanSaSaya  #JuanKada  #GforEveryJuan","Ready ka na ba for adventure?  Hoard of Aztec, puno ng hidden treasures para sa’yo!

Download the Juan365 app & join the fun, Juankada! Message us to guide you! 🧡

#Juan365  #Juan365PH  #AllInJuanSaSaya  #JuanKada  #GforEveryJuan",22,"09/13/2025 16:30",N/A,https://www.facebook.com/Juan365officialpage/videos/1497333164916267/,1,0,Videos,,,,,Lifetime,14257,11428,544,325,167,52,52019.913,4.255,0,301,301,,,0.04,,
122155369958762707,61572881214141,Juan365,"Puwede namang masaya at responsable.
Si Juan, hindi all-in sa laro—may control lagi.
🧠 Smart gaming is safe gaming.
Because safety is the real jackpot. EveryJUAN.

Download the Juan365 app & join the fun, Juankada! Message us to guide you! 🧡

#Juan365  #Juan365PH  #AllInJuanSaSaya  #JuanKada  #TheResponsibleJuan",,0,"09/13/2025 07:00",N/A,https://www.facebook.com/Juan365officialpage/posts/pfbid0WUvZ3bkV1NZDm87akTQwhU2fiSxFX7zWLdgn8ur5wdJ6TCwB8MBxW24MuPuAaCkJl,0,0,Photos,,,,,Lifetime,68409,38197,689,377,259,53,,,,1051,884,,167,0.95,4,6
122155345136762707,61572881214141,Juan365,"Kung makakasama mo sina James, Loisa, David at Dennis sa isang photo, anong pose ang gagawin mo? I-comment mo na ang best pic mo below na kasama sila!

Download the Juan365 app & join the fun, Juankada! Message us to guide you! 🧡

#Juan365 #Juan365PH #AllInJuanSaSaya #JuanKada",,0,"09/13/2025 05:00",N/A,https://www.facebook.com/Juan365officialpage/posts/pfbid0YtVeGcJTTpVaqqFaFBHj5zNL68GBpt9NjPrvTVM8CypSsHjDnvayRTcoBdfGtX2Pl,0,0,Photos,,,,,Lifetime,36378,19959,379,255,88,36,,,,289,222,,67,0.39,1,
122155327760762707,61572881214141,Juan365,"Mas mabilis, mas exciting, mas rewarding! Juankada, i-download na ang Juan365 app today!

Download the Juan365 app & join the fun, Juankada! Message us to guide you! 🧡

#Juan365  #Juan365PH  #AllInJuanSaSaya  #JuanKada",,0,"09/13/2025 03:00",N/A,https://www.facebook.com/Juan365officialpage/posts/pfbid0KsdkKmaEa6DneXZbKLHJT3CLkeYtztckU1cT1YNd1y68QcLvLXLR64kPiFCqb8t3l,0,0,Photos,,,,,Lifetime,69541,39476,717,373,301,43,,,,1029,847,1,181,0.92,10,4
122155294910762707,61572881214141,Juan365,"Salamat, Alexa! 🇵🇭 

Ipinakita mo na tunay ang lakas at tapang ng isang Pilipino. Mabuhay ka! 💙👏

#Juan365 #Juan365PH #AllInJuanSaSaya #JuanKada #JuanSports",,0,"09/12/2025 23:00",N/A,https://www.facebook.com/Juan365officialpage/posts/pfbid02e9xJWFPvgNeVZ7qxaurMb6pdKrrhqtkRCpCVPmvtbeSnPMDSghapBQtQinc4tjWnl,0,0,Photos,,,,,Lifetime,31419,17896,356,271,60,25,,,,260,197,1,62,0.22,1,
122155282418762707,61572881214141,Juan365,"Konting konti na lang... konting gapang na lang...

Download the Juan365 app & join the fun, Juankada! Message us to guide you! 🧡

#Juan365 #Juan365PH #AllInJuanSaSaya #JuanKada",,0,"09/12/2025 21:00",N/A,https://www.facebook.com/Juan365officialpage/posts/pfbid0wCdkWDune4qYBLMPYwXtZDxhXjq3m1at8K9Cup2EowKvdyobE6CNVLDCJT7B3CJXl,0,0,Photos,,,,,Lifetime,38028,21805,419,272,120,27,,,,468,386,,82,0.44,4,2
122155257404762707,61572881214141,Juan365,"Unleash the thunder, claim the glory! ⚡ Wrath of Olympus is here to test your luck!

Download the Juan365 app & join the fun, Juankada! Message us to guide you! 🧡

#Juan365  #Juan365PH  #AllInJuanSaSaya  #JuanKada  #GforEveryJuan","Unleash the thunder, claim the glory! ⚡ Wrath of Olympus is here to test your luck!

Download the Juan365 app & join the fun, Juankada! Message us to guide you! 🧡

#Juan365  #Juan365PH  #AllInJuanSaSaya  #JuanKada  #GforEveryJuan",14,"09/12/2025 16:30",mixed,https://www.facebook.com/Juan365officialpage/videos/807316174985410/,1,0,Videos,,,,,Lifetime,37774,34830,826,507,285,34,102804.36,3.081,0,498,497,1,,0.01,,
122155192394762707,61572881214141,Juan365,"Mas pina-BETTER na tayo, Juankada!

Download the Juan365 app & join the fun, Juankada! Message us to guide you! 🧡

#Juan365 #Juan365PH #AllInJuanSaSaya #JuanKada","Mas pina-BETTER na tayo, Juankada!

Download the Juan365 app & join the fun, Juankada! Message us to guide you! 🧡

#Juan365 #Juan365PH #AllInJuanSaSaya #JuanKada",23,"09/12/2025 07:02",N/A,https://www.facebook.com/Juan365officialpage/videos/1047229840639583/,1,0,Videos,,,,,Lifetime,29069,27595,843,512,282,49,81247.623,3.101,0,415,414,1,,0.06,,
122155157084762707,61572881214141,Juan365,"Your favorite Juan365 Game + Color ng suot mong shirt ngayon.
Drop your Juan365 Name sa comments, Juankada! Let’s see sino ang may pinaka cool na name!

#Juan365 #Juan365PH #AllInJuanSaSaya #JuanKada",,0,"09/12/2025 03:00",N/A,https://www.facebook.com/Juan365officialpage/posts/pfbid036PoBtRdMWTfjCScJUNBHDjB12SuEMaaEULvNbXGRywrgXU6ndo8EVGpequdT71Ftl,0,0,Photos,,,,,Lifetime,53535,28679,1003,481,452,70,,,,1029,924,,105,0.68,4,1
122155097228762707,61572881214141,Juan365,"Anong paborito mong video game character, Juankada? Happy Video Games Day!

Download the Juan365 app & join the fun, Juankada! Message us to guide you! 🧡

#Juan365  #Juan365PH  #AllInJuanSaSaya  #JuanKada",,0,"09/11/2025 21:00",N/A,https://www.facebook.com/Juan365officialpage/posts/pfbid024jhBvXzwpHEkVZmhSnboJzrqgUHoZi2DZ1zoPRyRMbT1UyrDCE1ZMauwweBTmZYBl,0,0,Photos,,,,,Lifetime,39211,20738,559,381,131,47,,,,367,317,3,47,0.38,2,1
122155064480762707,61572881214141,Juan365,"Christmas countdown na, Juankada! 🎄 Tutok na bukas, Saturday, Sept 13, 5:00 PM sa Juan365 Live Stream !

Mechanics:
1️⃣ Follow Juan365 
2️⃣ Share this post
3️⃣ Comment your User ID + screenshot na naka-download ka na ng Juan365 App & naka-follow ka sa Juan365 Official page
4️⃣ Tag 5 friends

#Juan365  #Juan365PH  #AllInJuanSaSaya  #JuanKada","Christmas countdown na, Juankada! 🎄 Tutok na bukas, Saturday, Sept 13, 5:00 PM sa @[61569634500241:2048:Juan365 Live Stream] !

Mechanics:
1️⃣ Follow @[61572881214141:2048:Juan365] 
2️⃣ Share this post
3️⃣ Comment your User ID + screenshot na naka-download ka na ng Juan365 App & naka-follow ka sa Juan365 Official page
4️⃣ Tag 5 friends

#Juan365  #Juan365PH  #AllInJuanSaSaya  #JuanKada",10,"09/11/2025 16:30",N/A,https://www.facebook.com/Juan365officialpage/videos/1316704460032824/,1,0,Videos,,,,,Lifetime,58972,54633,1446,793,457,196,147539.511,2.886,0,618,616,2,,0.01,,
122154989672762707,61572881214141,Juan365,"Describe your game today + comment your user ID,  Juankada!  😉

Huwag pahuli—join the fun with Juan! Message us to guide you, Juankada 🧑‍🌾🎉

#Juan365 #Juan365PH #AllInJuanSaSaya #JuanKada",,0,"09/11/2025 07:00",N/A,https://www.facebook.com/Juan365officialpage/posts/pfbid0DfgGbmy4faAJc5Bjyk3uxe5LMUiai3QCSyBCYLANLLqhVsasoNEte3V5EyftrG51l,0,0,Photos,,,,,Lifetime,51819,28206,1084,488,519,77,,,,1054,955,1,98,0.56,3,5
122154961424762707,61572881214141,Juan365,"Lucky charm na, wallpaper pa!

#Juan365 #Juan365PH #AllInJuanSaSaya #JuanKada",,0,"09/11/2025 03:01",N/A,https://www.facebook.com/Juan365officialpage/posts/pfbid09HDcfZSBZe5XocwMD7o3JvWUHByFgbPN5kYJf1MhjeoYdK2Kr1UVFWT99Wyrmfxxl,0,0,Photos,,,,,Lifetime,61321,31253,659,391,223,45,,,,879,725,8,146,0.73,3,2
122154941456762707,61572881214141,Juan365,"Huwag magpapadala sa kahina-hinalang links. Protect your winnings, protect yourself! Legit updates? Sa Juan365 CSR at official FB page lang yan!

#Juan365  #Juan365PH  #AllInJuanSaSaya  #JuanKada  #juanalert","Huwag magpapadala sa kahina-hinalang links. Protect your winnings, protect yourself! Legit updates? Sa Juan365 CSR at official FB page lang yan!

#Juan365  #Juan365PH  #AllInJuanSaSaya  #JuanKada  #juanalert",10,"09/11/2025 00:00",N/A,https://www.facebook.com/Juan365officialpage/videos/1489668515402559/,1,0,Videos,,,,,Lifetime,31986,31609,759,441,270,48,87083.637,3.204,0,465,465,,,0,,
122154918476762707,61572881214141,Juan365,"Let’s goooo! Alex Eala pasok na sa São Paulo Open quarterfinals! 🫶🎾

All-out support para kay Alex, para sa Pinas!

#Juan365  #Juan365PH  #AllInJuanSaSaya  #JuanKada  #JuanSports",,0,"09/10/2025 21:00",N/A,https://www.facebook.com/Juan365officialpage/posts/pfbid02dmZo2hg8MxAaJ4PGxLDAs5YDrRUtWFGgYrGgahHiWqawEG5ndQYEa6eikiYA2hmbl,0,0,Photos,,,,,Lifetime,46643,26308,483,288,151,44,,,,400,331,1,68,0.42,2,1
122154874280762707,61572881214141,Juan365,"Choose your fate!  Kung ano ang ma-pause mo, yun ang lalaruin mo! 🔥

Huwag pahuli—join the fun with Juan! Message us to guide you, Juankada 🧑‍🌾🎉

#Juan365 #Juan365PH #AllInJuanSaSaya #JuanKada","Choose your fate!  Kung ano ang ma-pause mo, yun ang lalaruin mo! 🔥

Huwag pahuli—join the fun with Juan! Message us to guide you, Juankada 🧑‍🌾🎉

#Juan365 #Juan365PH #AllInJuanSaSaya #JuanKada",11,"09/10/2025 16:30",N/A,https://www.facebook.com/Juan365officialpage/videos/2214209809064747/,1,0,Videos,,,,,Lifetime,42342,38807,1377,751,562,64,126360.137,3.572,0,1767,1761,6,,0,,
122154805118762707,61572881214141,Juan365,"Sleep is life pero credits is love! 😍 Anong deserve mo, Juankada?

Huwag pahuli—join the fun with Juan! Message us to guide you, Juankada 🧑‍🌾🎉

#Juan365 #Juan365PH #AllInJuanSaSaya #JuanKada",,0,"09/10/2025 07:00",N/A,https://www.facebook.com/Juan365officialpage/posts/pfbid02DsFf9Gi7UoBW66WLiWVGT2ECpDhJmgTHvzyWdXHZxVzBGChGseEnHPRBsAy4Yvb1l,0,0,Photos,,,,,Lifetime,92024,49198,2006,1227,691,88,,,,2512,2227,3,282,1.17,5,4
122154769310762707,61572881214141,Juan365,"Congratulations sa 30 lucky Juankada! Enjoy your 100 FREE Juan365 Credits!

Follow Juan365 para updated ka sa mga susunod na ganap!

#Juan365 #Juan365PH #AllInJuanSaSaya #JuanKada",,0,"09/10/2025 03:00",N/A,https://www.facebook.com/Juan365officialpage/posts/pfbid02YF2yw7AhSSh5N6RFthGaaUPEEBJcDavEfoT6W9u7WL2ysLUCsJ8C6xNn681jkLCRl,0,0,Photos,,,,,Lifetime,138053,66591,1689,1034,576,79,,,,5915,3929,4,1982,1.96,11,3
122154744740762707,61572881214141,Juan365,"Round of 16, HERE WE GO! 🏆💪 

Isang laban para sa bayan, isang Pinay laban sa mundo—support all the way! 🇵🇭🙌

#Juan365 #Juan365PH #AllInJuanSaSaya #JuanKada #JuanSports",,0,"09/10/2025 00:01",N/A,https://www.facebook.com/Juan365officialpage/posts/pfbid0FEkyroR6veRLk77FxifCy7nbdEVKhQWkKgp36zVtDgEJnsjSqtkqsEEy8omMgLGJl,0,0,Photos,,,,,Lifetime,51991,27757,609,375,202,32,,,,599,492,,107,0.6,2,1
122154721808762707,61572881214141,Juan365,"Laro lang, walang kaba!  Sa Juan365, guaranteed safe & secure ka!

Huwag pahuli—join the fun with Juan! Message us to guide you, Juankada 🧑‍🌾🎉

#Juan365 #Juan365PH #AllInJuanSaSaya #JuanKada",,0,"09/09/2025 21:00",N/A,https://www.facebook.com/Juan365officialpage/posts/pfbid0ZQrYgx7oYjQPLwWV8YnCUR6nfBiZYpdKdihPFh8N5joVV27hN15d5dSXcC8jgQLtl,0,0,Photos,,,,,Lifetime,75393,39601,788,430,329,29,,,,1718,1521,1,196,0.94,6,5
122154685310762707,61572881214141,Juan365,"Anong favorite color mo, Juankada? Comment mo na yan, malay mo! 😉

Huwag pahuli—join the fun with Juan! Message us to guide you, Juankada 🧑‍🌾🎉

#Juan365 #Juan365PH #AllInJuanSaSaya #JuanKada",,0,"09/09/2025 16:30",N/A,https://www.facebook.com/Juan365officialpage/posts/pfbid02fsmixFaqNPt2g27HcDBV9ZU3xL69CCrWJnzZPSvejCQnXzXwb27bk22eMbkXUFPYl,0,0,Photos,,,,,Lifetime,78197,40555,2713,986,1563,164,,,,2984,2667,,317,0.93,3,7
122154618890762707,61572881214141,Juan365,"Control is the real flex. 💪🎮
Hindi kailangan ng lucky streak kung may tamang limit.
Si Juan, panalo dahil alam ang hangganan.

Huwag pahuli—join the fun with Juan! Message us to guide you, Juankada 🧑‍🌾🎉

#Juan365 #Juan365PH #AllInJuanSaSaya #JuanKada #TheResponsibleJuan",,0,"09/09/2025 07:00",N/A,https://www.facebook.com/Juan365officialpage/posts/pfbid0v4zuSRKEh3VuV31sii7e1HZP8TRcSmau8tvMgxFnWEjZpzFDD4vjbmeq7eThzYial,0,0,Photos,,,,,Lifetime,55740,31332,817,449,314,54,,,,878,723,34,121,0.61,4,3
122154584738762707,61572881214141,Juan365,"Step into the game and face the ultimate trickster!
Joker Ace is here — kaya mo ba siyang talunin?

Huwag pahuli—join the fun with Juan! Message us to guide you, Juankada 🧑‍🌾🎉

#Juan365 #Juan365PH #AllInJuanSaSaya #JuanKada #GforEveryJuan","Step into the game and face the ultimate trickster!
Joker Ace is here — kaya mo ba siyang talunin?

Huwag pahuli—join the fun with Juan! Message us to guide you, Juankada 🧑‍🌾🎉

#Juan365 #Juan365PH #AllInJuanSaSaya #JuanKada #GforEveryJuan",22,"09/09/2025 03:00",uploaded,https://www.facebook.com/Juan365officialpage/videos/2246693152434502/,1,0,Videos,,,,,Lifetime,12219,12692,510,341,130,39,46663.313,4.504,0,275,275,,,0.04,,
122154551678762707,61572881214141,Juan365,"Triple nine, triple swerte! 🍀 Today’s your moment to shine!

#Juan365 #Juan365PH #AllInJuanSaSaya #JuanKada",,0,"09/08/2025 23:21",N/A,https://www.facebook.com/Juan365officialpage/posts/pfbid02atapipgitKLQ8eunU3EVLsiQfB6uXh3i55L32fnTLhsayHYC9CcxEmUuTRJdxcLSl,0,0,Photos,,,,,Lifetime,128917,64435,1771,1041,655,75,,,,5160,4634,,526,1.94,13,2
122154530060762707,61572881214141,Juan365,"Isa ka na ba sa nabigyan, Juankada? Comment 'G' at baka ikaw na ang susunod na mabigyan 😉

Huwag pahuli—join the fun with Juan! Message us to guide you, Juankada 🧑‍🌾🎉

#Juan365  #Juan365PH  #AllInJuanSaSaya  #JuanKada",,0,"09/08/2025 21:00",N/A,https://www.facebook.com/Juan365officialpage/posts/pfbid0cYudpoG79B1HKBJVHpv7MQSvtjamZTbW2dQYTmJJfc2wx7aRXnX2QTgmy3sAguqrl,0,0,Photos,,,,,Lifetime,85666,47858,1958,787,1082,89,,,,2508,2305,,203,1.07,6,3
122154496988762707,61572881214141,Juan365,"Boring? Not today! Juankada, let’s make it JUANtastic!

Huwag pahuli—join the fun with Juan! Message us to guide you, Juankada 🧑‍🌾🎉

#Juan365 #Juan365PH #AllInJuanSaSaya #JuanKada #GForEveryJuan","Boring? Not today! Juankada, let’s make it JUANtastic!

Huwag pahuli—join the fun with Juan! Message us to guide you, Juankada 🧑‍🌾🎉

#Juan365 #Juan365PH #AllInJuanSaSaya #JuanKada #GForEveryJuan",12,"09/08/2025 16:30",N/A,https://www.facebook.com/Juan365officialpage/videos/1564696444939879/,1,0,Videos,,,,,Lifetime,56453,38305,855,528,269,58,148927.357,3.108,0,818,551,267,,0.01,,
122154432752762707,61572881214141,Juan365,"3 wishes, 3x the thrill!
Comment 🧞‍♂️ kung handa ka na sa magic spins!

Huwag pahuli—join the fun with Juan! Message us to guide you, Juankada 🧑‍🌾🎉

#Juan365 #Juan365PH #AllInJuanSaSaya #JuanKada #GforEveryJuan","3 wishes, 3x the thrill!
Comment 🧞‍♂️ kung handa ka na sa magic spins!

Huwag pahuli—join the fun with Juan! Message us to guide you, Juankada 🧑‍🌾🎉

#Juan365 #Juan365PH #AllInJuanSaSaya #JuanKada #GforEveryJuan",22,"09/08/2025 07:00",uploaded,https://www.facebook.com/Juan365officialpage/videos/1777551979633665/,1,0,Videos,,,,,Lifetime,38857,39078,971,598,322,51,124815.306,3.522,0,729,728,1,,0.12,,
122154392222762707,61572881214141,Juan365,"Congratulations sa 20 lucky Juankada! Enjoy your 300 FREE Juan365 Credits!

Follow Juan365 para updated ka sa mga susunod na ganap!

#Juan365 #Juan365PH #AllInJuanSaSaya #JuanKada",,0,"09/08/2025 04:00",N/A,https://www.facebook.com/Juan365officialpage/posts/pfbid02xKPs3BZyjRDyR6PK4TJa1rq1jJnY73WhCh7G9viRUdL46aunabN4KhpWwrzLeaaPl,0,0,Photos,,,,,Lifetime,121205,61635,1569,1078,435,56,,,,4307,3312,6,989,1.85,10,6
122153081510762707,61572881214141,Juan365,"I-download na ang Juan365 App in just 4 simple steps!
Mas mabilis, mas madali, mas masaya!

Huwag pahuli—join the fun with Juan! Message us to guide you, Juankada 🧑‍🌾🎉

#Juan365 #Juan365PH #AllInJuanSaSaya #JuanKada",,0,"09/01/2025 00:06",N/A,https://www.facebook.com/Juan365officialpage/posts/pfbid0jATJEZtbaG2hi3anD7n3bdPWoKb1yMLgsFRYCXgzQs2pgMSiqKH8T24Ej9Fii4jQl,0,0,Photos,,,,,Lifetime,70539,37436,680,402,243,35,,,,859,689,,170,1.31,5,7
122153113622762707,61572881214141,Juan365,"Hassle-free ang saya!  Log in now sa official Juan365 APP o website, gamit lang ang registered mobile number mo.

Huwag pahuli—join the fun with Juan! Message us to guide you, Juankada 🧑‍🌾🎉

#Juan365 #Juan365PH #AllInJuanSaSaya #JuanKada",,0,"09/01/2025 04:00",N/A,https://www.facebook.com/Juan365officialpage/posts/pfbid0XXY2W5dQFSkgBnRvMspw1i3j4i3gZkfktvcjRDm15hF9mhfFu6zMEW51BfRBDKjfl,0,0,Photos,,,,,Lifetime,83885,44853,745,368,337,40,,,,1540,1317,1,222,1.28,7,10
122153137088762707,61572881214141,Juan365,"Goodnight! Sleep well, Juankada! 

#Juan365 #Juan365PH #AllInJuanSaSaya #JuanKada",,0,"09/01/2025 07:00",N/A,https://www.facebook.com/Juan365officialpage/posts/pfbid0XCCskD3HvsDxasCN5ps1dWNtDPLwFdpWMghnvMiZTWzdHhvzzcqtE1bWzME9N5Q2l,0,0,Photos,,,,,Lifetime,51859,27218,591,411,142,38,,,,445,372,3,70,0.65,2,1
122153205350762707,61572881214141,Juan365,"First 3 words na makita mo… yan ang darating sa’yo ngayong September!

Huwag pahuli—join the fun with Juan! Message us to guide you, Juankada 🧑‍🌾🎉

#Juan365 #Juan365PH #AllInJuanSaSaya #JuanKada",,0,"09/01/2025 16:30",N/A,https://www.facebook.com/Juan365officialpage/posts/pfbid0hCDjpaSLVwtCk7ziSwEkGL2VfZQzkqipNn16gBTkeKFLYwWxtohp763yPrrGYvCdl,0,0,Photos,,,,,Lifetime,104913,55005,3192,1090,1888,214,,,,5035,4492,2,541,1.26,7,3
122153234438762707,61572881214141,Juan365,"Kung tatanungin mo ako, Juankada… Isa ito sa mga game na dapat mong subukan: Tiger’s Grace! 🐯
Dito, power at swerte ang dala — ako na mismo ang nagsasabi, masaya ‘to!

Huwag pahuli—join the fun with Juan! Message us to guide you, Juankada 🧑‍🌾🎉

#Juan365 #Juan365PH #AllInJuanSaSaya #JuanKada #GforEveryJuan","Kung tatanungin mo ako, Juankada… Isa ito sa mga game na dapat mong subukan: Tiger’s Grace! 🐯
Dito, power at swerte ang dala — ako na mismo ang nagsasabi, masaya ‘to!

Huwag pahuli—join the fun with Juan! Message us to guide you, Juankada 🧑‍🌾🎉

#Juan365 #Juan365PH #AllInJuanSaSaya #JuanKada #GforEveryJuan",5,"09/01/2025 20:30",N/A,https://www.facebook.com/Juan365officialpage/videos/1509397300219748/,1,0,Videos,,,,,Lifetime,70419,58284,1628,829,751,48,163707.149,3.002,0,1641,1637,4,,0,,
122153259458762707,61572881214141,Juan365,"Habol na, Juankada! 😊🤗

#Juan365 #Juan365PH #AllInJuanSaSaya #JuanKada",,0,"09/02/2025 00:00",N/A,https://www.facebook.com/Juan365officialpage/posts/pfbid02s7eWMDEgeaFU5nV3hxVNPtHMNrc1g6drHL3pL6GftBeWB5DWobRHjiS27bu8Yo1Fl,0,1,Photos,,,,,Lifetime,82426,40579,795,413,299,83,,,,1601,1349,4,248,0,12,4
122153298032762707,61572881214141,Juan365,"Si Juan, hindi nagpapa-stress sa laro. 😌
May limit, may pahinga—kasi laro dapat, hindi laban sa buhay.
Play safe, play smart, everyJuan. 

Huwag pahuli—join the fun with Juan! Message us to guide you, Juankada 🧑‍🌾🎉

#Juan365 #Juan365PH #AllInJuanSaSaya #JuanKada #TheResponsibleJuan",,0,"09/02/2025 04:01",N/A,https://www.facebook.com/Juan365officialpage/posts/pfbid02eL7P76ay26BGPKESAyDpGABXvZBgjKp2ePrLZVrWHcup8EfP55C86BotFdoNu3jWl,0,0,Photos,,,,,Lifetime,102947,57548,663,373,270,20,,,,1527,1308,2,217,1.68,8,5
122153314826762707,61572881214141,Juan365,"🚧 GCASH SYSTEM MAINTENANCE ALERT! 🛠

Heads up, JUAN365 fam! 📣

Magkakaroon po ng GCash system maintenance ngayong araw, kaya temporary unavailable ang GCash transactions sa ating platform for 30 minutes.⏱️

Start Time: September 3, 2025 (Wednesday) 2:00 AM
End Time   : September 3, 2025 (Wednesday) 2:30 AM

Huwag mag-alala—balik normal agad ang serbisyo after nito. 💯
Thank you for your patience and patuloy na pagtangkilik sa JUAN365! 🎰🇵🇭

#Juan365 #Juan365PH #AllInJuanSaSaya #JuanKada #TheResponsibleJuan",,0,"09/02/2025 06:15",N/A,https://www.facebook.com/Juan365officialpage/posts/pfbid0cjW5wJYwMVxgiDBtLaThPFmHY3ADAqrnV7g1gTr8w4ZVdd2k3ppstBFzWvhCgg9l,0,0,Photos,,,,,Lifetime,83603,48106,534,330,188,16,,,,1817,1482,150,185,0.39,11,5
122153322464762707,61572881214141,Juan365,"Huwag magpahuli — complete your KYC in 3 days para smooth ang  gaming experience!

#Juan365 #Juan365PH #AllInJuanSaSaya #JuanKada","Huwag magpahuli — complete your KYC in 3 days para smooth ang  gaming experience!

#Juan365 #Juan365PH #AllInJuanSaSaya #JuanKada",10,"09/02/2025 07:01",N/A,https://www.facebook.com/Juan365officialpage/videos/3285281324958081/,1,0,Videos,,,,,Lifetime,15642,16162,549,317,171,61,50423.179,4.05,0,237,235,2,,0,,
122153378576762707,61572881214141,Juan365,"Manifesting mode on! ✨ Anong deserve mo, Juankada?

Huwag pahuli—join the fun with Juan! Message us to guide you, Juankada 🧑‍🌾🎉

#Juan365 #Juan365PH #AllInJuanSaSaya #JuanKada",,0,"09/02/2025 16:30",N/A,https://www.facebook.com/Juan365officialpage/posts/pfbid0nrPzaq4C6DQFEMXb9nRxJjZUZhcxehaLHjdzc28nzizLFmv6nHEqGjsvcm26MwRzl,0,0,Photos,,,,,Lifetime,89357,52633,1248,541,644,63,,,,1906,1662,8,236,2.03,8,3
122153406290762707,61572881214141,Juan365,"Astig ng Pinay! 🇵🇭 

Alex Eala tuloy ang panalo, abante sa Round of 16 ng Guadalajara 125 Open! 🙌🎾

#Juan365 #Juan365PH #AllInJuanSaSaya #JuanKada #JuanSports",,0,"09/02/2025 20:30",N/A,https://www.facebook.com/Juan365officialpage/posts/pfbid02BUZDYeZEcUrYF6r4TeJCG9b949U6c6WLTT6ckNV6PAxxAAKS9DSvwiGUvGwtMjkol,0,0,Photos,,,,,Lifetime,79137,43117,649,400,219,30,,,,1007,787,1,219,1.35,7,4
122153441528762707,61572881214141,Juan365,"Andito na tayo sa 1.5M, Juankada! 🥳 Pero hindi tayo titigil dito… ROAD TO 2M na tayo!! Salamat sa walang sawang suporta🔥

Huwag pahuli—join the fun with Juan! Message us to guide you, Juankada 🧑‍🌾🎉

#Juan365 #Juan365PH #AllInJuanSaSaya #JuanKada",,0,"09/03/2025 00:09",N/A,https://www.facebook.com/Juan365officialpage/posts/pfbid0Hmko7bHkWgBNxJ1Efhitm7ixmenThHS3rzUcvSv8gio48qxMsQdE6e8fKQUjhDpxl,0,0,Photos,,,,,Lifetime,51584,28251,707,439,219,49,,,,863,748,,115,0.78,11,3
122153473172762707,61572881214141,Juan365,"Congratulations sa 10 lucky Juankada! Enjoy your 300 FREE Juan365 Credits!

Follow Juan365 para updated ka sa mga susunod na ganap!

#Juan365 #Juan365PH #AllInJuanSaSaya #JuanKada",,0,"09/03/2025 04:00",N/A,https://www.facebook.com/Juan365officialpage/posts/pfbid0ujfkgYj8NUDh1YLgEirE4K34zMXDSgaSimNbLmscQ3ZJXc4Ui66Db7oQ93nzsnGgl,0,0,Photos,,,,,Lifetime,133106,68965,1424,906,468,50,,,,4379,3404,281,694,2.18,10,10
122153499752762707,61572881214141,Juan365,"Be Alert, Juankada!
Click smart—Juan365 CSR at Juan365 Official Page lang ang legit.

#Juan365 #Juan365PH #AllInJuanSaSaya #JuanKada #JuanAlert",,0,"09/03/2025 07:00",N/A,https://www.facebook.com/Juan365officialpage/posts/pfbid0278cGrL2GhkQZyxBQJ8MiprhrxZ7KiXMoUWK2hKKSdvnMcunBAUP934sB9JeyWyXRl,0,0,Photos,,,,,Lifetime,80331,44230,804,462,304,38,,,,1368,1145,,223,1.2,10,3
122153540702762707,61572881214141,Juan365,"🛠️ Heads up, Juankada!

Magkakaroon po tayo ng maintenance mamayang 4:00 AM.
Estimated downtime: 10–20 minutes lang — saglit lang ‘to!
Please plan your games and transaction accordingly. 🎮💸
Thanks for your understanding!

#Juan365 #MaintenanceUpdate #QuickFixOnly #TheResponsibleJuan #AllInJuanSaSaya",,0,"09/03/2025 12:30",N/A,https://www.facebook.com/Juan365officialpage/posts/pfbid0ppdYzpWTAYMXpFxSWXb4B8NgQuPt6KTCG9Vm1nAYvEMWkAKTnmcUsF8Penprmmoxl,0,0,Photos,,,,,Lifetime,47859,26880,498,283,183,32,,,,811,659,67,85,0.22,6,6
122153559764762707,61572881214141,Juan365,"touch mo naaa!

Huwag pahuli—join the fun with Juan! Message us to guide you, Juankada 🧑‍🌾🎉

#Juan365 #Juan365PH #AllInJuanSaSaya #JuanKada",,0,"09/03/2025 16:30",N/A,https://www.facebook.com/Juan365officialpage/posts/pfbid0qM6mN8SULeik47rNPG5W6PDX5QdbVmu4gkewC14RnxKLcqcDRAAkDaxygCn6zGAfl,0,0,Photos,,,,,Lifetime,117557,59288,1299,628,621,50,,,,7231,3524,7,3700,1.88,10,5
122153586428762707,61572881214141,Juan365,"Lahat ba nakapag-generate na? Lapag nyo nga yung sa inyo?
What if gawing merch? 🤔💭

Huwag pahuli—join the fun with Juan! Message us to guide you, Juankada 🧑‍🌾🎉

#Juan365 #Juan365PH #AllInJuanSaSaya #JuanKada",,0,"09/03/2025 20:23",N/A,https://www.facebook.com/Juan365officialpage/posts/pfbid0qe2ZhYRYEhqeuhpA4msv4Yx65cncs52mGzeA1rrFWETW6natGuZ7htcxqMeMTrbjl,0,0,Photos,,,,,Lifetime,101132,52114,836,470,326,40,,,,3348,2578,110,660,1.5,2,
122153614064762707,61572881214141,Juan365,"MATCH ON HOLD 🌧️🎾

Pansamantalang naantala ang laban ni Alex Eala sa Guadalajara Open matapos siyang makalamang ng 3-2 sa huling set. Umaasang muling sisigla ang panahon para maipagpatuloy ang aksyon!

#Juan365 #Juan365PH #AllInJuanSaSaya #JuanKada #JuankSports",,0,"09/04/2025 00:00",N/A,https://www.facebook.com/Juan365officialpage/posts/pfbid08FUpGhbTkFyBFyhW5tZAPq6pYVsWDCNWq8JH12PzZUJEQzvSCZXTycsGkWAKsDCXl,0,0,Photos,,,,,Lifetime,46629,25455,654,328,303,23,,,,704,604,37,63,0.43,3,2
122153685272762707,61572881214141,Juan365,"Subukan ang Fa Cai Shen—dala ang swerte, saya, at kasaganahan sa bawat spin!

Huwag pahuli—join the fun with Juan! Message us to guide you, Juankada 🧑‍🌾🎉

#Juan365 #Juan365PH #AllInJuanSaSaya #JuanKada #GforEveryJuan","Subukan ang Fa Cai Shen—dala ang swerte, saya, at kasaganahan sa bawat spin!

Huwag pahuli—join the fun with Juan! Message us to guide you, Juankada 🧑‍🌾🎉

#Juan365 #Juan365PH #AllInJuanSaSaya #JuanKada #GforEveryJuan",24,"09/04/2025 07:01",uploaded,https://www.facebook.com/Juan365officialpage/videos/3311863135629175/,1,0,Videos,,,,,Lifetime,12259,13369,596,379,170,47,49271.159,4.701,0,481,479,2,,0.04,,
122153750216762707,61572881214141,Juan365,"Kung ano ang mascreenshot mo, ‘yun ang lalaruin mo!
Sige nga Juankada, i-comment ang SS niyo sa baba! 🔥

Huwag pahuli—join the fun with Juan! Message us to guide you, Juankada 🧑‍🌾🎉

#Juan365 #Juan365PH #AllInJuanSaSaya #JuanKada #GforEveryJuan","Kung ano ang mascreenshot mo, ‘yun ang lalaruin mo!
Sige nga Juankada, i-comment ang SS niyo sa baba! 🔥

Huwag pahuli—join the fun with Juan! Message us to guide you, Juankada 🧑‍🌾🎉

#Juan365 #Juan365PH #AllInJuanSaSaya #JuanKada #GforEveryJuan",7,"09/04/2025 16:30",N/A,https://www.facebook.com/Juan365officialpage/videos/1234841778659099/,1,0,Videos,,,,,Lifetime,33882,28076,1467,648,742,77,117080.859,4.7,0,1868,1868,,,0,,
122153776364762707,61572881214141,Juan365,"Huh excuse me friend???

#Juan365 #Juan365PH #AllInJuanSaSaya #JuanKada","Huh excuse me friend???

#Juan365 #Juan365PH #AllInJuanSaSaya #JuanKada",10,"09/04/2025 20:30",N/A,https://www.facebook.com/Juan365officialpage/videos/3799772336834210/,1,0,Videos,,,,,Lifetime,25364,24929,644,408,182,54,60650.041,2.769,0,365,365,,,0,,
122153813162762707,61572881214141,Juan365,"She’s unstoppable! 🚀

Umarangkada si Alex Eala papunta sa Semifinals ng Guadalajara Open! 🙌🎾

Let’s cheer her on, Juankada! 🇵🇭❤️

#Juan365 #Juan365PH #AllInJuanSaSaya #JuanKada #JuanSports",,0,"09/05/2025 00:01",N/A,https://www.facebook.com/Juan365officialpage/posts/pfbid028MNoURT8SsQpVmJFnx6L4sDyBEYv6dnTbdnFWHnDqgKDhtXB6WWD1GbLy4sinvkZl,0,0,Photos,,,,,Lifetime,54801,31620,619,359,232,28,,,,624,504,,120,0.72,2,2
122153848478762707,61572881214141,Juan365,"Flex mo nga, Juankada!

Huwag pahuli—join the fun with Juan! Message us to guide you, Juankada 🧑‍🌾🎉

#Juan365 #Juan365PH #AllInJuanSaSaya #JuanKada","Flex mo nga, Juankada!

Huwag pahuli—join the fun with Juan! Message us to guide you, Juankada 🧑‍🌾🎉

#Juan365 #Juan365PH #AllInJuanSaSaya #JuanKada",10,"09/05/2025 04:00",N/A,https://www.facebook.com/Juan365officialpage/videos/1206624064606703/,1,0,Videos,,,,,Lifetime,30163,28195,1294,694,511,89,82316.226,3.229,0,1205,1202,3,,0,,
122153876318762707,61572881214141,Juan365,"Mas masaya ‘pag kontrolado.
Hindi kailangan isugal ang lahat—enjoy lang, chill lang. 🎰🧠
Play smart, play responsibly.

Huwag pahuli—join the fun with Juan! Message us to guide you, Juankada 🧑‍🌾🎉

#Juan365 #Juan365PH #AllInJuanSaSaya #JuanKada #TheResponsibleJuan",,0,"09/05/2025 07:01",N/A,https://www.facebook.com/Juan365officialpage/posts/pfbid02BPXqwKqbuWiXeKBZDWuWa99YjFPwAhUSbx3ef5HnCyHctCy9H3LyEzfq7z9ybq8kl,0,0,Photos,,,,,Lifetime,74619,41681,812,450,301,61,,,,1599,1355,7,237,0.97,14,5
122153935478762707,61572881214141,Juan365,"Pasko na ba? 🎁 Anong nasa wishlist mo ngayong Ber months, Juankada? 

Huwag pahuli—join the fun with Juan! Message us to guide you, Juankada 🧑‍🌾🎉

#Juan365 #Juan365PH #AllInJuanSaSaya #JuanKada",,0,"09/05/2025 16:30",N/A,https://www.facebook.com/Juan365officialpage/posts/pfbid0e4bzDYK8cv3aewphwrpCCexi3vEMW19Ctu4XmN3nftBrD9i1UqPx3ERaj8EBUak7l,0,0,Photos,,,,,Lifetime,78364,41772,1375,629,692,54,,,,1757,1553,2,202,1.12,9,4
122153976236762707,61572881214141,Juan365,"Ano ba ang tamang pag bigkas? 🤔 Comment mo nga, Juankada!
20 lucky Juankada ang may chance magkaroon ng total of 6,000 worth of free Juan365 credits! 🎉

Mechanics:
1️⃣ Follow Juan365 Official Page and Juan365 Cares 
2️⃣ Share this post
3️⃣ Comment your answer + User ID + screenshot na naka-follow ka sa Juan365 Official & Juan365 Cares at shinare mo itong post.
4️⃣ Tag 5 friends

Huwag pahuli—join the fun with Juan! Message us to guide you, Juankada 🧑‍🌾🎉

#Juan365 #Juan365PH #AllInJuanSaSaya #JuanKada","Ano ba ang tamang pag bigkas? 🤔 Comment mo nga, Juankada!
20 lucky Juankada ang may chance magkaroon ng total of 6,000 worth of free Juan365 credits! 🎉

Mechanics:
1️⃣ Follow @[61572881214141:2048:Juan365] Official Page and @[61579361702713:2048:Juan365 Cares] 
2️⃣ Share this post
3️⃣ Comment your answer + User ID + screenshot na naka-follow ka sa Juan365 Official & Juan365 Cares at shinare mo itong post.
4️⃣ Tag 5 friends

Huwag pahuli—join the fun with Juan! Message us to guide you, Juankada 🧑‍🌾🎉

#Juan365 #Juan365PH #AllInJuanSaSaya #JuanKada",39,"09/05/2025 20:30",uploaded,https://www.facebook.com/Juan365officialpage/videos/1325400502534237/,1,0,Videos,,,,,Lifetime,34252,28658,1388,520,559,309,178412.616,5.885,0,917,916,1,,0.06,,
122154021860762707,61572881214141,Juan365,"The rising tennis star from the Philippines has secured her spot in the Guadalajara Open Final!

Tuloy ang laban, Alex! 🇵🇭🙌

#Juan365 #Juan365PH #AllInJuanSaSaya #JuanKada #JuanSports",,0,"09/06/2025 00:01",N/A,https://www.facebook.com/Juan365officialpage/posts/pfbid0Rcwi5YfVo1jw4FDtU6pjXNSeqV3DcEYiK4KpoJzARgQBoBqePpFhvwDiNuH9k2uVl,0,0,Photos,,,,,Lifetime,42642,25126,394,267,80,47,,,,299,223,,76,0.47,5,1
122154059996762707,61572881214141,Juan365,"Congratulations sa 10 lucky Juankada! Enjoy your 300 FREE Juan365 Credits!

Follow Juan365 para updated ka sa mga susunod na ganap!

#Juan365 #Juan365PH #AllInJuanSaSaya #JuanKada","Congratulations sa 10 lucky Juankada! Enjoy your 300 FREE Juan365 Credits!

Follow Juan365 para updated ka sa mga susunod na ganap!

#Juan365 #Juan365PH #AllInJuanSaSaya #JuanKada",10,"09/06/2025 04:00",N/A,https://www.facebook.com/Juan365officialpage/videos/805716842019095/,1,0,Videos,,,,,Lifetime,42854,38506,1368,847,464,57,134017.582,3.826,0,1550,1549,1,,0.01,,
122154085118762707,61572881214141,Juan365,"PAALALA, Juankada! 📌
Safe ka lang sa official Juan365 channels.

#Juan365 #Juan365PH #AllInJuanSaSaya #JuanKada #JuanAlert","PAALALA, Juankada! 📌
Safe ka lang sa official Juan365 channels.

#Juan365 #Juan365PH #AllInJuanSaSaya #JuanKada #JuanAlert",10,"09/06/2025 07:01",N/A,https://www.facebook.com/Juan365officialpage/videos/1352200236614158/,1,0,Videos,,,,,Lifetime,12541,12229,564,381,135,48,41501.087,4.136,0,288,287,1,,0,,
122154147242762707,61572881214141,Juan365,"Alin ang kaya mong i let go Juankada?

Huwag pahuli—join the fun with Juan! Message us to guide you, Juankada 🧑‍🌾🎉

#Juan365 #Juan365PH #AllInJuanSaSaya #JuanKada #GForEveryJuan","Alin ang kaya mong i let go Juankada?

Huwag pahuli—join the fun with Juan! Message us to guide you, Juankada 🧑‍🌾🎉

#Juan365 #Juan365PH #AllInJuanSaSaya #JuanKada #GForEveryJuan",12,"09/06/2025 16:30",uploaded,https://www.facebook.com/Juan365officialpage/videos/1488888842459274/,1,0,Videos,,,,,Lifetime,20120,19622,756,450,267,39,70022.307,4.235,0,595,594,1,,0.01,,
122154169976762707,61572881214141,Juan365,"Ay sino ho kayo?

Huwag pahuli—join the fun with Juan! Message us to guide you, Juankada 🧑‍🌾🎉

#Juan365 #Juan365PH #AllInJuanSaSaya #JuanKada",,0,"09/06/2025 20:30",N/A,https://www.facebook.com/Juan365officialpage/posts/pfbid02gW92ryYtMeD3pSEXfEA4nyUhbiCLUsKxaVRGSyBneshKEkvC5D66UWoMX4tAdXXDl,0,0,Photos,,,,,Lifetime,54076,31554,549,315,202,32,,,,785,660,2,123,0.71,2,3
122154177044762707,61572881214141,Juan365,"JUANderful Victory! 🏆

Congratulations to our very own Alexandra Eala for bringing home the Guadalajara 125 Open Championship! 

You’ve shown the world that Filipinos are truly Number JUAN when it comes to passion, perseverance, and excellence. 
Mabuhay ka, Alex! The whole Juankada is proud of you! 
#Juan365 #Juan365PH #AllInJuanSaSaya #JuanSports #JuanKada",,0,"09/06/2025 21:38",N/A,https://www.facebook.com/Juan365officialpage/posts/pfbid0221tGLSmWUzCgzm4F5E7Gavz5NRkUiC3tydhQjhXkPq371mpcPjmo9Anb6yQqybiZl,0,0,Photos,,,,,Lifetime,53724,31459,683,396,267,20,,,,546,460,41,45,0.63,5,3
122154194888762707,61572881214141,Juan365,"APP or Website, Saan ka naglalaro, Juankada?

Huwag pahuli—join the fun with Juan! Message us to guide you, Juankada 🧑‍🌾🎉

#Juan365 #Juan365PH #AllInJuanSaSaya #JuanKada",,0,"09/07/2025 00:00",N/A,https://www.facebook.com/Juan365officialpage/posts/pfbid025TJVLWuygeFMuBgxMn6UfWneDdirsxLgTJSNQTJY9dJ3eBKahYjLtRi3msKeh4G5l,0,0,Photos,,,,,Lifetime,71623,37739,826,475,304,47,,,,1254,1068,8,178,1,8,5
122154228650762707,61572881214141,Juan365,"Try Jogo do Bicho!
Sama ang swerte at saya sa kakaibang laro na siguradong patok sa Juankada!

Huwag pahuli—join the fun with Juan! Message us to guide you, Juankada 🧑‍🌾🎉

#Juan365 #Juan365PH #AllInJuanSaSaya #JuanKada #GforEveryJuan","Try Jogo do Bicho!
Sama ang swerte at saya sa kakaibang laro na siguradong patok sa Juankada!

Huwag pahuli—join the fun with Juan! Message us to guide you, Juankada 🧑‍🌾🎉

#Juan365 #Juan365PH #AllInJuanSaSaya #JuanKada #GforEveryJuan",33,"09/07/2025 04:01",N/A,https://www.facebook.com/Juan365officialpage/videos/2258853151220595/,1,0,Videos,,,,,Lifetime,9823,11911,446,314,105,27,36421.998,4.228,0,198,197,1,,0.03,,
122154258728762707,61572881214141,Juan365,"Iba ang panalong kalmado. 🧊
Hindi kailangang kabahan o mapilit.
Enjoy lang, dahil ‘di sa gigil nasusukat ang saya. 🎯

Huwag pahuli—join the fun with Juan! Message us to guide you, Juankada 🧑‍🌾🎉

#Juan365 #Juan365PH #AllInJuanSaSaya #JuanKada #TheResponsibleJuan",,0,"09/07/2025 07:00",N/A,https://www.facebook.com/Juan365officialpage/posts/pfbid037fd6fRq15yjK74weRD8vwnM3uF8DdYgVpDodtxrBsmbyL5WC9ADmuz8sddcuabUal,0,0,Photos,,,,,Lifetime,101398,51443,971,444,469,58,,,,2371,2124,2,245,1.57,16,6
122154319604762707,61572881214141,Juan365,"Start strong, Juankada! Gawin nating extra rewarding ang Monday mo with cashback!

Huwag pahuli—join the fun with Juan! Message us to guide you, Juankada 🧑‍🌾🎉

#Juan365 #Juan365PH #AllInJuanSaSaya #JuanKada #GforEveryJuan","Start strong, Juankada! Gawin nating extra rewarding ang Monday mo with cashback!

Huwag pahuli—join the fun with Juan! Message us to guide you, Juankada 🧑‍🌾🎉

#Juan365 #Juan365PH #AllInJuanSaSaya #JuanKada #GforEveryJuan",11,"09/07/2025 16:30",N/A,https://www.facebook.com/Juan365officialpage/videos/1685546168823515/,1,0,Videos,,,,,Lifetime,16384,16734,812,446,308,58,54519.947,4.099,0,594,592,2,,0,,
